Precio,Call Vol,Put Vol,Net Delta,Net Gex,Total IO,Net IO,Call OI,Put OI,Net Vol,Cash Call,Cash Put,IV Call,IV Put,Call Delta,Delta Put,Timestamp
660.33,,,0,0,,,,,,,,,,,,10/14/2025 11:40
660.79,1193484,1236295,-2474988,-241179,226954,-42098,92428,134526,-42811,241394260,54185061,5178785,4143371,58131213,-23420612,10/14/2025 11:41
660.6,1200076,1241440,-2742800,-273611,226954,-42098,92428,134526,-41364,236474225,57644533,5378803,4278715,56096035,-24547459,10/14/2025 11:42
660.95,1205129,1247787,-2306914,-248377,226954,-42098,92428,134526,-42658,252927658.5,51845142,5208163,4197923,59779136,-22691563,10/14/2025 11:43
661.48,1221761,1256577,-1652397,-192039,226954,-42098,92428,134526,-34816,288019848,43283215.5,5291093,3903757,64692615,-19956071,10/14/2025 11:44
661.53,1235236,1262059,-1613179,-208908,226954,-42098,92428,134526,-26823,296926016,44303854.5,5524157,3936510,65409013,-20192037,10/14/2025 11:45
661.8,1250366,1271505,-1292167,-175607,226954,-42098,92428,134526,-21139,317618167.5,41497978,5340427,3864239,68136885,-19324545,10/14/2025 11:46
661.838,1265327,1278247,-1287845,-178019,226954,-42098,92428,134526,-12920,321021373,41379327,5537937,3744608,68399798,-19331982,10/14/2025 11:47
661.77,1273149,1282949,-1317109,-177931,226954,-42098,92428,134526,-9800,313366665.5,42371649,5438530,3913157,68775418,-19708204,10/14/2025 11:48
662.1,1283314,1292152,-929380,-163737,226954,-42098,92428,134526,-8838,338336750.5,38002887,5382853,3646310,72180897,-18228406,10/14/2025 11:49
662.405,1296600,1302550,-536811,-125413,226954,-42098,92428,134526,-5950,365581070.5,36058311.5,5471711,3579750,75138573,-17098516,10/14/2025 11:51
662.6801,1326361,1036458,-395301,-69275,242114,14862,128488,113626,289903,382629773.5,33843651.5,5530696,3302364,77603819,-15869988,10/14/2025 11:52
662.72,1343177,1041516,-320603,-47504,242114,14862,128488,113626,301661,385760691,34219595.5,5579635,3327010,78838851,-15999779,10/14/2025 11:53
662.905,1361932,1053006,-136420,-15299,242114,14862,128488,113626,308926,403017205.5,33096573.5,5682978,3169002,80988484,-15632333,10/14/2025 11:54
662.635,1377116,1059696,-473685,-46797,242114,14862,128488,113626,317420,382777564.5,35324737,5810003,3399123,78423388,-16703894,10/14/2025 11:55
662.57,1384536,1069659,-580329,-72055,242114,14862,128488,113626,314877,378231210.5,37108271,5695908,3447767,78251932,-17487068,10/14/2025 11:56
662.48,1374964,1350553,-501475,-117472,226954,-42098,92428,134526,24411,378908818.5,40050094,5663630,3740436,78022035,-18517563,10/14/2025 11:57
662.55,1397745,1079014,-586685,-75715,242114,14862,128488,113626,318731,376894201,37691892.5,5752936,3489590,78499699,-17784506,10/14/2025 11:58
662.23,1385530,1360907,-801004,-152043,226954,-42098,92428,134526,24623,363280163,42840028.5,5903026,3824668,76044851,-19959386,10/14/2025 11:59
662.48,1391254,1370369,-498682,-110711,226954,-42098,92428,134526,20885,378891544,40896557.5,5677722,3817091,78656895,-19235504,10/14/2025 12:00
662.23,1396289,1374711,-758939,-154176,226954,-42098,92428,134526,21578,360093329,42258408.5,5752287,3832772,76392126,-19948551,10/14/2025 12:01
662.145,1401588,1381011,-869064,-155758,226954,-42098,92428,134526,20577,351532760,43834923,5883343,3911928,75856598,-20540553,10/14/2025 12:02
662.26,1405962,1385658,-701450,-120565,226954,-42098,92428,134526,20304,356516001.5,43911417,5586476,3886025,78215510,-20313316,10/14/2025 12:03
662.11,1411046,1388566,-904372,-160250,226954,-42098,92428,134526,22480,354394665,44678078,5930694,3895571,75676264,-21014301,10/14/2025 12:04
662.13,1414549,1402502,-850495,-156500,226954,-42098,92428,134526,12047,348034917,46643109.5,5728220,4004732,77461274,-21416765,10/14/2025 12:05
661.8401,1417825,1405720,-1247873,-176093,226954,-42098,92428,134526,12105,337059912.5,47987278,6019845,3979740,73279691,-22580002,10/14/2025 12:06
661.52,1427749,1415663,-1656688,-205201,226954,-42098,92428,134526,12086,309953219.5,57103407.5,5744484,4364212,70607740,-25462743,10/14/2025 12:07
661.53,1435593,1425176,-1595192,-205612,226954,-42098,92428,134526,10417,309165351.5,56878811.5,5819605,4251846,71117138,-25186483,10/14/2025 12:08
661.49,1438473,1431563,-1674991,-204823,226954,-42098,92428,134526,6910,306377021,58358391.5,5833302,4440790,70540415,-25967452,10/14/2025 12:09
661.66,1441325,1436410,-1459684,-190207,226954,-42098,92428,134526,4915,316963963,55170001,5797277,4309102,72567949,-24744502,10/14/2025 12:10
661.84,1445829,1442392,-1175092,-165945,226954,-42098,92428,134526,3437,330456399,52684672,5956355,4222902,75246195,-23727636,10/14/2025 12:11
662.1,1452958,1447642,-901561,-161430,226954,-42098,92428,134526,5316,349314831.5,48968746,5774900,4124237,77865844,-22709979,10/14/2025 12:12
661.96,1459636,1451999,-1065654,-150646,226954,-42098,92428,134526,7637,337207075,53127343,5798802,4144600,76853731,-23906670,10/14/2025 12:13
662.05,1463506,1456340,-935499,-154276,226954,-42098,92428,134526,7166,346731220.5,49111505,5883226,4160125,77802833,-22943425,10/14/2025 12:14
662.255,1469965,1462500,-655290,-120967,226954,-42098,92428,134526,7465,359868116.5,45116918.5,5762476,3992837,80381452,-21489364,10/14/2025 12:15
662.19,1473867,1465770,-779270,-143791,226954,-42098,92428,134526,8097,355414323.5,46743476,5779090,3980129,79570482,-22098084,10/14/2025 12:16
662.3501,1478880,1469057,-578454,-103924,226954,-42098,92428,134526,9823,370625560,44327202.5,5926766,3919563,81116917,-21292431,10/14/2025 12:17
662.56,1503793,1193255,-507533,-65212,242114,14862,128488,113626,310538,391220943.5,39647001.5,6063770,3521319,82574314,-19595053,10/14/2025 12:18
662.8805,1516333,1200166,-111648,-35556,242114,14862,128488,113626,316167,410772178.5,37808484.5,5752036,3511101,87006451,-18378181,10/14/2025 12:19
663.6,1535348,1210472,775295,76650,242114,14862,128488,113626,324876,471050451,31289513,5373939,3118842,96806651,-15795881,10/14/2025 12:20
663.72,1565026,1223978,929516,85607,242114,14862,128488,113626,341048,501745015,29098726.5,5844276,3052418,96414472,-14918187,10/14/2025 12:21
663.62,1581090,1235445,867133,57355,242114,14862,128488,113626,345645,487624807,29373787.5,5832416,2937280,97216522,-15376991,10/14/2025 12:22
663.38,1597477,1248383,603704,35905,242114,14862,128488,113626,349094,461193441.5,32820403,5815305,3282071,96364792,-16965840,10/14/2025 12:23
663.26,1607018,1253253,461019,25236,242114,14862,128488,113626,353765,450281638.5,33276504.5,6064276,3373026,94963954,-17342237,10/14/2025 12:25
663.51,1613525,1260863,738629,40162,242114,14862,128488,113626,352662,475968404.5,31940273.5,5737188,3128302,97894299,-16498570,10/14/2025 12:26
663.46,1617530,1265213,705517,35305,242114,14862,128488,113626,352317,469924012,32103156,5723364,3024974,97549718,-16644717,10/14/2025 12:27
663.5,1620595,1268682,779229,55856,242114,14862,128488,113626,351913,469825293.5,31345614.5,5524031,3038914,98863307,-16302876,10/14/2025 12:28
663.64,1629389,1275574,918344,55317,242114,14862,128488,113626,353815,489231655.5,29430537.5,5800001,2903868,99775064,-15773740,10/14/2025 12:29
663.945,1636086,1282292,1292757,69465,242114,14862,128488,113626,353794,515115555,27503791,5453282,2931070,104335586,-14793666,10/14/2025 12:30
663.73,1648080,1291915,1072797,67110,242114,14862,128488,113626,356165,493714655,28061875.5,5606200,2957127,102490989,-15404006,10/14/2025 12:31
663.8,1652699,1297564,1164564,73177,242114,14862,128488,113626,355135,502836502.5,27803180.5,5623367,2971335,103208973,-14905924,10/14/2025 12:32
663.87,1664497,1304497,1251865,78415,242114,14862,128488,113626,360000,506318944,27038409.5,5389288,2877746,105098764,-14750743,10/14/2025 12:33
664.19,1674560,1311349,1587914,116840,242114,14862,128488,113626,363211,544470692,25386157,5585226,2706272,108318142,-13939370,10/14/2025 12:34
664.095,1687758,1317953,1522027,99679,242114,14862,128488,113626,369805,535079228.5,25728353.5,5499724,2724666,107826874,-14131268,10/14/2025 12:35
664.13,1695804,1321345,1559941,97072,242114,14862,128488,113626,374459,537616712.5,25856656.5,5440603,2737853,109100988,-14219432,10/14/2025 12:36
664.405,1705608,1334073,1833488,164280,242114,14862,128488,113626,371535,570265248.5,24398673,5567472,2706615,112134377,-13494004,10/14/2025 12:37
664.19,1717443,1345792,1603062,127760,242114,14862,128488,113626,371651,552795962.5,24927760.5,5674678,2808464,109578433,-14199158,10/14/2025 12:38
664.1,1728398,1356780,1548317,96751,242114,14862,128488,113626,371618,537043928,27704942.5,5560632,2852736,110366882,-15038083,10/14/2025 12:39
664.38,1733187,1360764,1822522,167876,242114,14862,128488,113626,372423,568469711.5,25999665.5,5674764,2795714,113757521,-14291728,10/14/2025 12:40
664.44,1755106,1367862,1858145,166940,242114,14862,128488,113626,387244,582369969.5,26117926,5856259,2820851,114531633,-14306630,10/14/2025 12:42
664.435,1763915,1373381,1853572,168288,242114,14862,128488,113626,390534,583024809,25947450,5886639,2835950,114587043,-14253733,10/14/2025 12:43
664.6,1772887,1379399,2024184,167336,242114,14862,128488,113626,393488,600434914,25610834.5,5817396,2855631,117187122,-13941101,10/14/2025 12:44
664.63,1785689,1386977,2080032,176005,242114,14862,128488,113626,398712,604790714,25660242.5,5549847,2881637,118519879,-14050975,10/14/2025 12:45
664.9,1801109,1394092,2375490,191030,242114,14862,128488,113626,407017,644334184,24396173,5565981,2728301,121241545,-13232529,10/14/2025 12:46
664.84,1811051,1399468,2317334,184829,242114,14862,128488,113626,411583,635496863,25019708.5,5503313,2808963,121130588,-13536789,10/14/2025 12:47
665.27,1832762,1413625,2868427,244269,242114,14862,128488,113626,419137,687507141.5,23080110,5283743,2626929,128650818,-12404424,10/14/2025 12:48
665.16,1848286,1425415,2714621,242560,242114,14862,128488,113626,422871,683891464,23784194,5790936,2663144,126032121,-12864090,10/14/2025 12:49
665.05,1859757,1431990,2642147,226455,242114,14862,128488,113626,427767,663290480,25076204,5356607,2688805,127247235,-13596689,10/14/2025 12:50
665.3813,1867263,1438147,2928227,266432,242114,14862,128488,113626,429116,707418313.5,24376864,5821543,2648997,130560874,-13009747,10/14/2025 12:51
665.4912,1890867,1448230,3040410,277089,242114,14862,128488,113626,442637,730339676,23658965,5926100,2560643,131323565,-12730984,10/14/2025 12:52
665.39,1903873,1456829,2944697,266721,242114,14862,128488,113626,447044,718268156.5,24608231.5,5976333,2593043,130614688,-13056612,10/14/2025 12:53
665.39,1911657,1459962,2951909,261857,242114,14862,128488,113626,451695,718114568.5,24843855,6007983,2605444,130951995,-13158390,10/14/2025 12:54
665.0944,1922543,1471192,2552633,225596,242114,14862,128488,113626,451351,683789177,28320832.5,6098930,2829062,126501285,-14862733,10/14/2025 12:55
664.75,1930696,1482008,2146217,191362,242114,14862,128488,113626,448688,642503345,31994164,6514241,3048696,121794732,-16596646,10/14/2025 12:56
664.67,1941166,1497251,2089385,196967,242114,14862,128488,113626,443915,623430447,35972510.5,6236241,3300874,123436291,-18148462,10/14/2025 12:57
664.555,1947967,1503633,1945383,160449,242114,14862,128488,113626,444334,621279129,35803118,6584825,3197652,120324820,-18272200,10/14/2025 12:58
664.475,1956613,1511770,1874981,178042,242114,14862,128488,113626,444843,608478601.5,37054125.5,6521047,3339088,119626063,-18872503,10/14/2025 12:59
664.1201,1963904,1522901,1446856,108334,242114,14862,128488,113626,441003,563844094,44176460.5,6453982,3467966,115389322,-21486899,10/14/2025 13:00
663.98,1973766,1533560,1267589,96236,242114,14862,128488,113626,440206,551556791,46483593,6590659,3513154,113283319,-22568252,10/14/2025 13:01
664.21,1983921,1548245,1585774,129297,242114,14862,128488,113626,435676,569192799,43476485,6203146,3484153,117766276,-21410681,10/14/2025 13:02
664.23,1992257,1554975,1592972,131782,242114,14862,128488,113626,437282,575214825,43439702,6331568,3510504,118065315,-21632359,10/14/2025 13:03
664.39,1999079,1560884,1856921,169872,242114,14862,128488,113626,438195,593130513,39217628.5,6265312,3413836,121432378,-20152859,10/14/2025 13:04
664.67,2010027,1566883,2133278,206065,242114,14862,128488,113626,443144,631598121,35357976,6633733,3170789,124724713,-18768624,10/14/2025 13:05
664.77,2022430,1572798,2290515,198180,242114,14862,128488,113626,449632,639915230,34537145,6250985,3210389,127889261,-18384267,10/14/2025 13:06
664.93,2032551,1578425,2487608,206066,242114,14862,128488,113626,454126,660285026,32646601,6149952,3029126,130297048,-17498746,10/14/2025 13:07
664.8412,2039459,1583778,2316507,205695,242114,14862,128488,113626,455681,653117238.5,34276787,6267179,3046061,128303615,-18297677,10/14/2025 13:08
664.74,2044010,1586656,2270629,211242,242114,14862,128488,113626,457354,636116496,35417485.5,6213745,3261775,128204153,-18820915,10/14/2025 13:09
665.04,2049862,1591745,2564637,222823,242114,14862,128488,113626,458117,676997473,31758219,6224027,3076552,132149714,-17479536,10/14/2025 13:10
665.07,2055735,1595534,2559748,222450,242114,14862,128488,113626,460201,678236301.5,31731174,6247980,3089838,132075763,-17498803,10/14/2025 13:11
665.16,2063957,1603965,2773366,250057,242114,14862,128488,113626,459992,688249618.5,30125597.5,5996573,3117472,135807025,-16772679,10/14/2025 13:12
665.215,2073205,1610555,2819432,249049,242114,14862,128488,113626,462650,698607829,28919945.5,6144906,2913647,135835859,-16368291,10/14/2025 13:13
665.02,2079077,1614930,2643048,256887,242114,14862,128488,113626,464147,667621194.5,30607572.5,6134541,3090635,133863200,-17290826,10/14/2025 13:14
665.03,2084090,1621677,2648436,255148,242114,14862,128488,113626,462413,668414821,30612428,6049292,3113081,134448116,-17398368,10/14/2025 13:15
664.99,2090515,1627258,2596167,255571,242114,14862,128488,113626,463257,661753191.5,31472117.5,5946746,3129504,134185722,-17727270,10/14/2025 13:16
664.99,2093586,1630226,2534704,250596,242114,14862,128488,113626,463360,667214534.5,31795631.5,6311346,3139130,132951508,-17841459,10/14/2025 13:17
664.98,,,0,0,,,,,,,,,,,,10/14/2025 13:19
664.895,2108247,1644405,2485089,234479,242114,14862,128488,113626,463842,650912773,32929608,5792638,3169974,132784315,-18592861,10/14/2025 13:20
665.21,2114400,1651823,2794192,258565,242114,14862,128488,113626,462577,687563342.5,29431718,6293543,2881205,138464462,-17180266,10/14/2025 13:21
665.07,2119358,1656704,2706908,255654,242114,14862,128488,113626,462654,672811327.5,30080608.5,5755209,2880241,136287735,-17652995,10/14/2025 13:22
665.09,2122398,1659105,2727085,255654,242114,14862,128488,113626,463293,675971614,30068384.5,5713020,2887556,136905896,-17653694,10/14/2025 13:23
665.15,2125058,1661679,2780440,258155,242114,14862,128488,113626,463379,681943245,29145966.5,5744163,2898371,137614896,-17380119,10/14/2025 13:24
665.437,2134756,1671345,3193501,271807,242114,14862,128488,113626,463411,721167742.5,25402413,5403143,2743354,143795501,-15518370,10/14/2025 13:25
665.23,2141408,1676293,2980163,265256,242114,14862,128488,113626,465115,688882243,27803351.5,5332015,2869998,141452095,-16647410,10/14/2025 13:26
665.2,2146860,1679067,2908828,261147,242114,14862,128488,113626,467793,689509480.5,27631338.5,5644236,2748328,139507489,-16896507,10/14/2025 13:27
665.44,2154310,1684601,3141727,277645,242114,14862,128488,113626,469709,726210056,25638688,6004763,2785506,143119767,-15665031,10/14/2025 13:28
665.32,2156994,1687813,3060441,269309,242114,14862,128488,113626,469181,702671898,26999102.5,5307714,2798514,143203284,-16389073,10/14/2025 13:29
665.46,2159917,1692012,3234054,275606,242114,14862,128488,113626,467905,721167211,24653178.5,5361054,2726722,145208582,-15535178,10/14/2025 13:30
665.3,2167208,1695777,3071811,281197,242114,14862,128488,113626,471431,700781393,24847772.5,5263136,2516237,142502111,-15888528,10/14/2025 13:31
665.14,2171161,1701623,2932187,258252,242114,14862,128488,113626,469538,676038577,26658943,5173549,2621786,140741901,-16845726,10/14/2025 13:32
664.91,2176880,1710385,2689139,229786,242114,14862,128488,113626,466495,645232575.5,30942276.5,5375125,2940304,137614487,-18740496,10/14/2025 13:33
664.675,2186053,1720706,2283265,196792,242114,14862,128488,113626,465347,619026802,35809707.5,5792302,3080826,131987168,-21099763,10/14/2025 13:34
664.55,2193493,1730479,2196681,195418,242114,14862,128488,113626,463014,599963264.5,39260017.5,5664049,3211958,131650290,-22394234,10/14/2025 13:35
664.68,2201206,1741299,2259826,210994,242114,14862,128488,113626,459907,619534514,36212869.5,5880737,3140936,131283633,-21589215,10/14/2025 13:37
664.52,2210617,1745776,2178650,202328,242114,14862,128488,113626,464841,598795998.5,39220104,5544737,3076447,130832141,-22711687,10/14/2025 13:38
664.58,2220132,1749543,2258150,205069,242114,14862,128488,113626,470589,605532716,37941452,5549103,2989521,132005077,-22244473,10/14/2025 13:39
664.65,2225654,1754765,2350773,211053,242114,14862,128488,113626,470889,612025034.5,36389191.5,5669108,3096341,133600956,-21821717,10/14/2025 13:40
665.03,2235698,1763613,2815511,230227,242114,14862,128488,113626,472085,663015374,30256721,5427409,2829223,141002000,-19101552,10/14/2025 13:41
664.93,2239537,1766165,2622893,238703,242114,14862,128488,113626,473372,655282670,30408754,5799443,2829395,137111914,-19698160,10/14/2025 13:42
665.0361,2244153,1770293,2855641,233703,242114,14862,128488,113626,473860,663027020,28949039,5397543,2628015,141214883,-18629992,10/14/2025 13:43
665.25,2250634,1775635,3100151,294753,242114,14862,128488,113626,474999,692345938.5,26074519.5,5112034,2551575,145611781,-17336391,10/14/2025 13:44
665.39,2254561,1780126,3271750,331772,242114,14862,128488,113626,474435,711879624,24061052,4974314,2562011,148125890,-16443819,10/14/2025 13:45
665.28,2262693,1791589,3237053,301497,242114,14862,128488,113626,471104,693708095,25752863.5,4761022,2415771,148491609,-17174048,10/14/2025 13:46
665.34,2268387,1795331,3144904,344206,242114,14862,128488,113626,473056,709942564.5,24500006,5486814,2420345,145621594,-16763408,10/14/2025 13:47
665.59,2275357,1801128,3508633,338929,242114,14862,128488,113626,474229,740818125,22944477,4987289,2345501,153352789,-15683866,10/14/2025 13:48
665.5,2283450,1804367,3410889,309026,242114,14862,128488,113626,479083,728528728.5,24291851.5,4908484,2356272,151803718,-16349434,10/14/2025 13:49
665.63,2286974,1808986,3518444,338561,242114,14862,128488,113626,477988,749371558.5,22944114,4787611,2260177,153923310,-15670170,10/14/2025 13:50
665.7,2296481,1816752,3592330,344475,242114,14862,128488,113626,479729,763549936.5,21447639.5,5038308,2037538,155297318,-15123930,10/14/2025 13:51
665.451,2302612,1823148,3354688,356287,242114,14862,128488,113626,479464,730318013.5,23879609.5,5139465,2270002,150999008,-16657892,10/14/2025 13:52
665.2301,2307607,1831619,3208167,305060,242114,14862,128488,113626,475988,689807109.5,27246153,5036144,2400567,148537667,-18146331,10/14/2025 13:53
665.38,2312035,1839672,3322675,344905,242114,14862,128488,113626,472363,713468437.5,25178162.5,5205904,2328288,150479107,-17479613,10/14/2025 13:54
665.25,2314862,1841799,3242562,310186,242114,14862,128488,113626,473063,691203253,26736355,5013877,2335327,149725158,-18299946,10/14/2025 13:55
665.375,2317005,1845522,3334189,337649,242114,14862,128488,113626,471483,710945024.5,25475859.5,5016886,2347674,151055468,-17769685,10/14/2025 13:56
665.275,2319390,1847250,3250441,330301,242114,14862,128488,113626,472140,696616243.5,26606696,5024939,2353493,149730184,-18239714,10/14/2025 13:57
665.11,2321658,1852277,3091805,287315,242114,14862,128488,113626,469381,672099071,29139263,5032577,2467230,146656416,-19576255,10/14/2025 13:58
665.11,2325383,1859177,3038486,293912,242114,14862,128488,113626,466206,673195806,29356735,4998247,2489160,145685246,-19819161,10/14/2025 13:59
665.09,2328407,1862045,3050360,301489,242114,14862,128488,113626,466362,667701759.5,29577021.5,4868717,2498667,146563602,-20063395,10/14/2025 14:00
665.28,2330458,1864122,3223254,327100,242114,14862,128488,113626,466336,695491582.5,26687705,4970263,2404291,149581056,-18591177,10/14/2025 14:01
665.04,2334099,1866910,2974830,292998,242114,14862,128488,113626,467189,660274971.5,30032195.5,4716696,2403108,145222456,-20585729,10/14/2025 14:02
664.75,2339192,1876365,2561279,274725,242114,14862,128488,113626,462827,624077747,34958813,5069672,2489804,138142073,-23574102,10/14/2025 14:04
664.87,2348072,1884541,2815396,270842,242114,14862,128488,113626,463531,632469518.5,33680200,4518792,2554011,143089747,-22720959,10/14/2025 14:05
664.8593,2353282,1893295,2740260,274921,242114,14862,128488,113626,459987,634088938.5,33818549.5,4699635,2549679,141934215,-23260123,10/14/2025 14:06
664.85,2357372,1897116,2782971,278152,242114,14862,128488,113626,460256,631483241.5,34388597.5,4454428,2561930,143349898,-23306306,10/14/2025 14:07
664.84,2361016,1900034,2720609,283600,242114,14862,128488,113626,460982,632216898,34218011,4667905,2569813,141792137,-23485559,10/14/2025 14:08
664.72,2364660,1904401,2575707,256666,242114,14862,128488,113626,460259,613692591,37104675,4734290,2586244,139129573,-24725898,10/14/2025 14:09
664.82,2367185,1906789,2686711,262210,242114,14862,128488,113626,460396,628611758.5,34695459,4889873,2590209,141172391,-23973530,10/14/2025 14:10
664.91,2370570,1917085,2834687,281505,242114,14862,128488,113626,453485,638353832.5,33468476.5,4583558,2519008,144047170,-23155922,10/14/2025 14:11
665.08,2379041,1921785,3059689,301769,242114,14862,128488,113626,457256,664281488,30461727,4662246,2562703,147683510,-21394328,10/14/2025 14:12
665.24,2387882,1927398,3259721,314364,242114,14862,128488,113626,460484,686749956.5,27237433,4418065,2194379,151610085,-19950513,10/14/2025 14:13
665.17,2394526,1931683,3195611,297264,242114,14862,128488,113626,462843,675946072.5,29010561.5,4379445,2334321,151242546,-20643190,10/14/2025 14:14
665.13,2402021,1936273,3075317,326020,242114,14862,128488,113626,465748,674523693,28766095.5,4822089,2330490,148284207,-21139416,10/14/2025 14:15
665.0993,2405757,1942433,3102680,312121,242114,14862,128488,113626,463324,663445491,30538392,4114535,2314216,149999293,-21771416,10/14/2025 14:16
665.0356,2411576,1944658,3013796,294943,242114,14862,128488,113626,466918,656709031.5,31286332.5,4408947,2317263,147899654,-22400781,10/14/2025 14:17
665.24,2414432,1946605,3256034,319583,242114,14862,128488,113626,467827,686041494.5,27785772,4491274,2242570,152759169,-20498674,10/14/2025 14:18
665.17,2420632,1948932,3159520,310239,242114,14862,128488,113626,471700,676382009.5,28247223.5,4251905,2211936,150545885,-21084527,10/14/2025 14:19
664.98,2426559,1955228,2905742,303048,242114,14862,128488,113626,471331,648109666.5,32078431,4453996,2348712,146338295,-23573020,10/14/2025 14:20
664.73,2435652,1961586,2679995,267134,242114,14862,128488,113626,474066,618344593.5,36617108.5,4665956,2506139,142345559,-25885242,10/14/2025 14:21
664.76,2440692,1968102,2602359,289394,242114,14862,128488,113626,472590,621231422.5,36216501,5069268,2510746,140431277,-26141769,10/14/2025 14:22
664.765,2444304,1971937,2705014,278711,242114,14862,128488,113626,472367,617979080.5,36172905,4694046,2536553,142445603,-25794344,10/14/2025 14:23
664.855,2445617,1975002,2772882,298774,242114,14862,128488,113626,470615,631612542,33462753,4598716,2397512,143754630,-24834274,10/14/2025 14:24
664.61,2450742,1980300,2474783,262415,242114,14862,128488,113626,470442,599823722,39388577.5,4875685,2540928,138732759,-27679693,10/14/2025 14:25
664.72,2454212,1987426,2646600,285305,242114,14862,128488,113626,466786,610344337,37584273,4545770,2575431,141930641,-26758744,10/14/2025 14:26
665.08,2457880,1992075,3095755,310770,242114,14862,128488,113626,465805,661469534,30512536.5,4277715,2318705,150643120,-22731974,10/14/2025 14:28
665.3,2464009,1999908,3357965,330928,242114,14862,128488,113626,464101,691608487,27264259,3873637,2233829,157009869,-20806147,10/14/2025 14:29
665.1,2471105,2005692,3103892,323371,242114,14862,128488,113626,465413,667385390,29188288.5,4578131,2346972,150986004,-22642224,10/14/2025 14:30
665.26,2475203,2011343,3328084,316405,242114,14862,128488,113626,463860,687570203.5,27554140.5,4048527,2256355,156205787,-21449629,10/14/2025 14:31
665.22,2479147,2014945,3221367,320408,242114,14862,128488,113626,464202,684215670,28096002.5,4470384,2256303,154009005,-21910369,10/14/2025 14:32
665.115,2484109,2026884,3248059,289591,242114,14862,128488,113626,457225,664127218,31048628,3856662,2390162,155411380,-23179849,10/14/2025 14:33
665.08,2486467,2030426,3187443,304841,242114,14862,128488,113626,456041,658734311.5,31492265,3864170,2399864,154124242,-23561770,10/14/2025 14:34
665.01,2487957,2033471,3041257,322632,242114,14862,128488,113626,454486,653958802,32176015,4533119,2405076,150151901,-24272598,10/14/2025 14:35
664.99,2490883,2036934,3034652,313136,242114,14862,128488,113626,453949,649062555.5,32576828,4252463,2414142,150324684,-24572945,10/14/2025 14:36
664.93,2493613,2042184,2945969,307734,242114,14862,128488,113626,451429,640570841.5,34123924,4387951,2428318,148619076,-25427618,10/14/2025 14:37
664.8,2496835,2045815,2808217,299088,242114,14862,128488,113626,451020,623046647.5,36284290.5,4236163,2436942,145395437,-26848725,10/14/2025 14:38
664.58,2504127,2064615,2493640,256483,242114,14862,128488,113626,439512,594035501.5,43713743,3897865,2379113,140151653,-30257730,10/14/2025 14:39
664.655,2507341,2070800,2579767,276053,242114,14862,128488,113626,436541,603827705.5,42478858.5,4097244,2433998,142084428,-29708625,10/14/2025 14:40
664.53,2508857,2074744,2391287,255704,242114,14862,128488,113626,434113,591164058.5,46016338.5,4011880,2395588,138376796,-31349831,10/14/2025 14:41
664.5742,2511526,2077843,2473383,269034,242114,14862,128488,113626,433683,595179379,45604291,3914999,2415297,140028597,-31051367,10/14/2025 14:42
664.6,2518408,2083898,2483414,265942,242114,14862,128488,113626,434510,600654852.5,44193193.5,3986892,2426483,140540521,-30883116,10/14/2025 14:43
664.74,2520896,2087766,2713284,274705,242114,14862,128488,113626,433130,615872534.5,41061323.5,4044087,2348811,144999800,-29292836,10/14/2025 14:44
664.7,2523487,2090986,2691126,267252,242114,14862,128488,113626,432501,607546117,41864889,3568063,2356341,144765783,-29814627,10/14/2025 14:45
664.79,2525363,2095865,2739859,304130,242114,14862,128488,113626,429498,624331852.5,38907612.5,4053210,2362746,145588108,-28995220,10/14/2025 14:46
664.75,2527922,2098762,2713319,296252,242114,14862,128488,113626,429160,617818773,40116046.5,3980172,2331738,145374088,-29590470,10/14/2025 14:47
664.9,2529654,2102294,2912397,309887,242114,14862,128488,113626,427360,637508542.5,36865195,3801595,2281059,149331079,-27590985,10/14/2025 14:48
664.88,2533976,2109321,2907889,314906,242114,14862,128488,113626,424655,635342676,36319598,3812494,2285253,148321120,-27707462,10/14/2025 14:49
664.995,2540478,2116086,3072849,340286,242114,14862,128488,113626,424392,652040010.5,33656632.5,3826175,2313653,151949932,-26099339,10/14/2025 14:50
665.15,2543324,2120459,3239913,342784,242114,14862,128488,113626,422865,673765337,30647485,4024421,2185264,156117093,-24586090,10/14/2025 14:51
664.905,2549973,2126413,3001312,317270,242114,14862,128488,113626,423560,638887119.5,36266522,3754091,2338105,151078246,-27426273,10/14/2025 14:52
665.01,2552571,2132009,3100504,321429,242114,14862,128488,113626,420562,652139930,34542733.5,3748649,2210176,153841000,-26789775,10/14/2025 14:53
665.06,2555487,2134058,3109399,352594,242114,14862,128488,113626,421429,662075859.5,32433137,3950569,2202218,153347806,-25947058,10/14/2025 14:54
665.02,2557599,2136171,3113006,330265,242114,14862,128488,113626,421428,653550298.5,33152293,3761613,2222238,153612956,-26247722,10/14/2025 14:55
664.78,2562193,2140340,2848398,309976,242114,14862,128488,113626,421853,619129370.5,39263127,3502026,2178623,147971983,-29438027,10/14/2025 14:56
664.86,2565456,2143784,2861236,308815,242114,14862,128488,113626,421672,632823271.5,36603589.5,3679348,2182321,148289022,-28829053,10/14/2025 14:57
664.7701,2568428,2147779,2803997,297865,242114,14862,128488,113626,420649,617731028,39449727.5,3597551,2193580,147601761,-29995753,10/14/2025 14:58
664.91,2569801,2149956,2913294,338601,242114,14862,128488,113626,419845,639512642,34796845,3601030,2191145,149645272,-28147626,10/14/2025 14:59
665.16,2573503,2156337,3238182,348498,242114,14862,128488,113626,417166,674620587.5,29448428.5,3599957,2069198,156920905,-25041439,10/14/2025 15:00
665.14,2578110,2163495,3260934,345670,242114,14862,128488,113626,414615,670472587.5,30008475.5,3385616,2082852,157306755,-25023096,10/14/2025 15:02
665.28,2581030,2166787,3464397,353542,242114,14862,128488,113626,414243,689323513,26802810.5,3210603,1778824,161819694,-23131873,10/14/2025 15:03
665.235,2588567,2173564,3397594,356841,242114,14862,128488,113626,415003,685401563,27195893.5,3451353,1777839,160266871,-23727689,10/14/2025 15:04
665.09,2591633,2180259,3340251,319125,242114,14862,128488,113626,411374,658791062.5,30730741,2760243,1889759,158609183,-25429534,10/14/2025 15:05
665.23,2594026,2185472,3374245,372945,242114,14862,128488,113626,408554,684485945.5,27124800.5,3571546,1793176,159441219,-23953212,10/14/2025 15:06
665.265,2599009,2189108,3514171,370818,242114,14862,128488,113626,409901,686281735,27231776.5,3251317,1817879,162979204,-23392614,10/14/2025 15:07
665.16,2601130,2192150,3337949,374721,242114,14862,128488,113626,408980,673018561.5,28270958,3170701,1520199,158479259,-24724118,10/14/2025 15:08
664.925,2606249,2198835,3242927,288067,242114,14862,128488,113626,407414,631289133,34573037,2610917,1676748,155806856,-28093984,10/14/2025 15:09
664.905,2610356,2202615,3103301,341730,242114,14862,128488,113626,407741,631793751,34248492,3372409,1680125,152691243,-28349723,10/14/2025 15:10
665.04,2611703,2208266,3152443,382522,242114,14862,128488,113626,403437,656637681,29774248,3569658,1537782,153573325,-26313422,10/14/2025 15:11
665.12,2613310,2210950,3417770,328900,242114,14862,128488,113626,402360,660823655,29775516.5,2801332,1556156,160440980,-25476964,10/14/2025 15:12
664.94,2615047,2212844,3125854,380516,242114,14862,128488,113626,402203,638343514.5,32494448,3381961,1551552,152871231,-27965581,10/14/2025 15:13
664.705,2622105,2219868,2866283,313662,242114,14862,128488,113626,402237,602758765.5,39463357,3262287,1911024,147615913,-31706041,10/14/2025 15:14
664.76,2625879,2221892,2950396,333059,242114,14862,128488,113626,403987,610122200,37954587,3064408,1723022,149938016,-31105584,10/14/2025 15:15
664.815,2627281,2226882,3031516,335542,242114,14862,128488,113626,400399,618789215.5,36504459.5,3067538,1729256,151235191,-30220698,10/14/2025 15:16
664.86,2628820,2227886,3112453,316616,242114,14862,128488,113626,400934,623036687.5,35828813.5,2887187,1732556,153263746,-29605142,10/14/2025 15:17
665.075,2631147,2233257,3302187,361068,242114,14862,128488,113626,397890,657334692,30090014,2892310,1595931,157907761,-26564863,10/14/2025 15:18
664.93,2633067,2236759,3076730,357168,242114,14862,128488,113626,396308,638111307.5,33043102,3229372,1590117,152720786,-28876137,10/14/2025 15:19
664.98,2636083,2246335,3208637,369320,242114,14862,128488,113626,389748,642492347.5,32730714,2902252,1606534,155397122,-27998838,10/14/2025 15:20
665.01,2637819,2249097,3349057,324160,242114,14862,128488,113626,388722,642337739.5,32346060.5,2734475,1613179,158888591,-27728442,10/14/2025 15:21
665.05,2639651,2251515,3308004,374583,242114,14862,128488,113626,388136,652920029,30898150,2909627,1613619,157891260,-26797040,10/14/2025 15:22
665.23,2645205,2257105,3507195,398575,242114,14862,128488,113626,388100,681811242,26843911.5,2748152,1493295,163250373,-24190782,10/14/2025 15:23
665.16,2650921,2263210,3468992,360869,242114,14862,128488,113626,387711,670175807,28073715.5,2931537,1505702,162293303,-25438583,10/14/2025 15:24
665.21,2651988,2266684,3566637,387189,242114,14862,128488,113626,385304,675961571,26988562.5,2762316,1509702,164604579,-24372791,10/14/2025 15:25
665.25,2656590,2277501,3605569,393228,242114,14862,128488,113626,379089,683065028.5,25574390.5,2396473,1516567,165440257,-23754869,10/14/2025 15:26
665.05,2661391,2280281,3339463,409216,242114,14862,128488,113626,381110,652079883,29035544,2952962,1508256,158644760,-26388627,10/14/2025 15:27
664.925,2665892,2285120,3164382,397773,242114,14862,128488,113626,380772,635165223.5,32122240,2583046,1278271,154765600,-28709674,10/14/2025 15:28
664.82,2669713,2290256,3116542,373750,242114,14862,128488,113626,379457,616493120,35130885.5,2418155,1300025,152748761,-30613930,10/14/2025 15:29
664.74,2682579,2296262,3067956,311950,242114,14862,128488,113626,386317,602047909,37013388.5,2106375,1253990,152207351,-31952443,10/14/2025 15:30
664.712,2689758,2302406,3013663,328968,242114,14862,128488,113626,387352,600369974,37949112.5,2115235,1261282,150690650,-32663633,10/14/2025 15:31
664.515,2699253,2311873,2678615,311875,242114,14862,128488,113626,387380,572201814,45195976,2273360,1383258,143741100,-36898884,10/14/2025 15:32
664.41,2703008,2318248,2547726,289525,242114,14862,128488,113626,384760,562578648.5,48292346,2502082,1390099,140866747,-38698286,10/14/2025 15:33
664.42,2706901,2325037,2677294,239905,242114,14862,128488,113626,381864,556585915,50343783.5,1928060,1580340,144270005,-38721425,10/14/2025 15:34
664.375,2712113,2333174,2656034,209576,242114,14862,128488,113626,378939,552484190,51728221,1933810,1593175,143482462,-39349611,10/14/2025 15:35
664.29,2714089,2336782,2389273,298269,242114,14862,128488,113626,377307,546196391.5,54060045,2517008,1570132,137380509,-41896144,10/14/2025 15:36
663.06,2726063,2376466,246534,-76538,242114,14862,128488,113626,349597,435828749.5,116160298,3135621,1397630,104520620,-71998001,10/14/2025 15:37
661.98,2696840,2781678,-918407,-75500,226954,-42098,92428,134526,-84838,346419615,287897282,2582991,3904822,99782911,-89332650,10/14/2025 15:38
662.61,2754086,2481894,-634145,-160970,242114,14862,128488,113626,272192,393032714,174497077.5,3176295,2265818,98123080,-87067952,10/14/2025 15:39
662.49,2714286,2852189,-68439,-68695,226954,-42098,92428,134526,-137903,369594443.5,172303410.5,2284647,1948980,98714668,-80187669,10/14/2025 15:40
662.21,2720008,2864876,-481414,-150399,226954,-42098,92428,134526,-144868,335183697,209778407,2071134,2160091,97063161,-84368311,10/14/2025 15:41
661.97,2732132,2883289,-853827,-166987,226954,-42098,92428,134526,-151157,322855684,238477136,2395416,2599541,93138409,-89582643,10/14/2025 15:42
661.65,2738204,2897996,-1548581,-213549,226954,-42098,92428,134526,-159792,311622852.5,243721463.5,2232963,2004787,83237263,-103030988,10/14/2025 15:43
660.8,2748740,2925214,-2432303,-321197,226954,-42098,92428,134526,-176474,223598782,367008447.5,1810437,3052826,74150199,-110042780,10/14/2025 15:44
660.46,2762798,2965170,-3250038,-330334,226954,-42098,92428,134526,-202372,208835598,365131608,1903418,1971944,64947466,-126003482,10/14/2025 15:45
661.62,2769334,2977538,-1175759,-141777,226954,-42098,92428,134526,-208204,263067251.5,276803383.5,1407203,2581993,90210094,-91369368,10/14/2025 15:46
661.23,2774260,2992413,-1755022,-243902,226954,-42098,92428,134526,-218153,244849414.5,296210085,1748524,2420174,81659943,-102151619,10/14/2025 15:47
661.09,2776424,2998199,-1938163,-247693,226954,-42098,92428,134526,-221775,234952245.5,317264962.5,1751953,2580081,79918937,-103930274,10/14/2025 15:48
661.46,2779462,3003604,-1535275,-172784,226954,-42098,92428,134526,-224142,271197421,268144252,1938142,2346751,83677060,-101238347,10/14/2025 15:49
661.29,2784893,3009694,-1868901,-219579,226954,-42098,92428,134526,-224801,255798411.5,269204517,1957985,1843128,79259382,-106478125,10/14/2025 15:50
661.95,2787695,3013480,-730843,-151636,226954,-42098,92428,134526,-225785,294137238.5,216057148.5,1432553,2145083,94549758,-89076630,10/14/2025 15:51
662.04,2790206,3017769,-578377,-164432,226954,-42098,92428,134526,-227563,302565390,204019603.5,1641555,2159344,95232447,-87061719,10/14/2025 15:52
662.01,2801517,3024785,-854972,-166300,226954,-42098,92428,134526,-223268,315014583.5,192615171.5,2088202,1394196,90357363,-94009073,10/14/2025 15:54
661.75,2805282,3031481,-1255231,-177026,226954,-42098,92428,134526,-226199,287278176,219750467.5,1756116,1665250,87479014,-98133386,10/14/2025 15:55
661.92,2807157,3034748,-761165,-153781,226954,-42098,92428,134526,-227591,287752826,211371725.5,1456047,1675069,94646859,-90351594,10/14/2025 15:56
661.95,2808620,3038137,-596632,-77905,226954,-42098,92428,134526,-229517,283196848.5,215788664,1047027,2199721,97830366,-86730264,10/14/2025 15:57
662.25,2811448,3044290,-262147,-121473,226954,-42098,92428,134526,-232842,321204429,179697388,1598715,1677170,99569148,-85805032,10/14/2025 15:58
662.27,2814359,3050428,-8465,-86010,226954,-42098,92428,134526,-236069,313131595,185178308,1266050,1737715,104787637,-81551974,10/14/2025 15:59
662.16,2819241,3064455,544971,-109028,226954,-42098,92428,134526,-245214,344885344.5,159075933,1272779,1806994,110714331,-74468996,10/14/2025 16:00
662.16,2823153,3072546,374823,-86350,226954,-42098,92428,134526,-249393,367470758.5,140695659,1792356,1464521,106939518,-80766009,10/14/2025 16:01
662.16,2826659,3077087,-98255,-81304,226954,-42098,92428,134526,-250428,340992813.5,159410727.5,1907154,1215854,100515198,-87099289,10/14/2025 16:02
662.16,0,0,0,0,0,0,0,0,0,0,0,0,0,0,0,10/15/2025 6:12
662.23,0,0,602454,108331,99399,-25595,36902,62497,0,0,0,0,0,0,0,10/15/2025 6:13
662.23,0,0,604904,113711,99399,-25595,36902,62497,0,0,0,0,0,0,0,10/15/2025 6:14
662.23,0,0,576935,101530,99399,-25595,36902,62497,0,0,0,0,0,0,0,10/15/2025 6:15
662.23,0,0,576935,101530,99399,-25595,36902,62497,0,0,0,0,0,0,0,10/15/2025 6:16
662.23,0,0,574485,93935,99399,-25595,36902,62497,0,0,0,0,0,0,0,10/15/2025 6:17
662.23,0,0,563481,79189,99399,-25595,36902,62497,0,0,0,0,0,0,0,10/15/2025 6:18
662.23,0,0,585081,103980,99399,-25595,36902,62497,0,0,0,0,0,0,0,10/15/2025 6:19
662.23,0,0,602454,108331,99399,-25595,36902,62497,0,0,0,0,0,0,0,10/15/2025 6:20
662.23,0,0,576935,101530,99399,-25595,36902,62497,0,0,0,0,0,0,0,10/15/2025 6:21
662.23,0,0,602454,110781,99399,-25595,36902,62497,0,0,0,0,0,0,0,10/15/2025 6:22
662.23,0,0,585081,103980,99399,-25595,36902,62497,0,0,0,0,0,0,0,10/15/2025 6:23
662.23,0,0,602454,108331,99399,-25595,36902,62497,0,0,0,0,0,0,0,10/15/2025 6:24
662.23,0,0,602454,108331,99399,-25595,36902,62497,0,0,0,0,0,0,0,10/15/2025 6:25
662.23,0,0,591630,108331,99399,-25595,36902,62497,0,0,0,0,0,0,0,10/15/2025 6:26
662.23,0,0,585081,103980,99399,-25595,36902,62497,0,0,0,0,0,0,0,10/15/2025 6:27
662.23,0,0,604904,113711,99399,-25595,36902,62497,0,0,0,0,0,0,0,10/15/2025 6:28
662.23,0,0,602454,110781,99399,-25595,36902,62497,0,0,0,0,0,0,0,10/15/2025 6:29
662.23,0,0,5544721,594257,265262,-3412,130925,134337,0,0,0,0,0,0,0,10/15/2025 6:30
662.23,0,0,5574493,621492,265262,-3412,130925,134337,0,0,0,0,0,0,0,10/15/2025 6:31
662.23,0,0,5544721,594257,265262,-3412,130925,134337,0,0,0,0,0,0,0,10/15/2025 6:32
662.23,0,0,5499090,573652,265262,-3412,130925,134337,0,0,0,0,0,0,0,10/15/2025 6:33
662.23,0,0,5408100,511348,265262,-3412,130925,134337,0,0,0,0,0,0,0,10/15/2025 6:34
662.23,0,0,5351296,442471,265262,-3412,130925,134337,0,0,0,0,0,0,0,10/15/2025 6:35
662.23,0,0,5387472,470757,265262,-3412,130925,134337,0,0,0,0,0,0,0,10/15/2025 6:36
662.23,0,0,5387472,470757,265262,-3412,130925,134337,0,0,0,0,0,0,0,10/15/2025 6:37
662.23,0,0,5408100,511348,265262,-3412,130925,134337,0,0,0,0,0,0,0,10/15/2025 6:38
662.23,0,0,5408100,511348,265262,-3412,130925,134337,0,0,0,0,0,0,0,10/15/2025 6:39
662.23,0,0,5397786,470757,265262,-3412,130925,134337,0,0,0,0,0,0,0,10/15/2025 6:40
662.23,0,0,5397786,470757,265262,-3412,130925,134337,0,0,0,0,0,0,0,10/15/2025 6:41
662.23,0,0,5408100,511348,265262,-3412,130925,134337,0,0,0,0,0,0,0,10/15/2025 6:42
662.23,0,0,5470545,563338,265262,-3412,130925,134337,0,0,0,0,0,0,0,10/15/2025 6:43
662.23,0,0,5534407,583966,265262,-3412,130925,134337,0,0,0,0,0,0,0,10/15/2025 6:45
662.23,0,0,5617207,654024,265262,-3412,130925,134337,0,0,0,0,0,0,0,10/15/2025 6:46
662.23,0,0,5654413,664338,265262,-3412,130925,134337,0,0,0,0,0,0,0,10/15/2025 6:47
662.23,0,0,5856173,779756,265262,-3412,130925,134337,0,0,0,0,0,0,0,10/15/2025 6:48
662.23,0,0,5828568,757561,265262,-3412,130925,134337,0,0,0,0,0,0,0,10/15/2025 6:49
662.23,0,0,5928944,769442,265262,-3412,130925,134337,0,0,0,0,0,0,0,10/15/2025 6:50
662.23,0,0,5893159,779756,265262,-3412,130925,134337,0,0,0,0,0,0,0,10/15/2025 6:51
662.23,0,0,6168605,444450,265262,-3412,130925,134337,0,0,0,0,0,0,0,10/15/2025 6:52
662.23,0,0,6168605,444450,265262,-3412,130925,134337,0,0,0,0,0,0,0,10/15/2025 6:53
662.23,0,0,6168605,456354,265262,-3412,130925,134337,0,0,0,0,0,0,0,10/15/2025 6:54
662.23,0,0,6149157,421281,265262,-3412,130925,134337,0,0,0,0,0,0,0,10/15/2025 6:55
662.23,0,0,6168605,456354,265262,-3412,130925,134337,0,0,0,0,0,0,0,10/15/2025 6:56
662.23,0,0,6045416,708506,265262,-3412,130925,134337,0,0,0,0,0,0,0,10/15/2025 6:57
662.23,0,0,5845859,779756,265262,-3412,130925,134337,0,0,0,0,0,0,0,10/15/2025 6:58
662.23,0,0,5775657,747247,265262,-3412,130925,134337,0,0,0,0,0,0,0,10/15/2025 6:59
662.23,0,0,5753439,747247,265262,-3412,130925,134337,0,0,0,0,0,0,0,10/15/2025 7:00
662.23,0,0,5828568,757561,265262,-3412,130925,134337,0,0,0,0,0,0,0,10/15/2025 7:01
662.23,0,0,5785971,747247,265262,-3412,130925,134337,0,0,0,0,0,0,0,10/15/2025 7:02
662.23,0,0,6086672,574424,265262,-3412,130925,134337,0,0,0,0,0,0,0,10/15/2025 7:03
662.23,0,0,5679651,684943,265262,-3412,130925,134337,0,0,0,0,0,0,0,10/15/2025 7:04
662.23,0,0,5753439,747247,265262,-3412,130925,134337,0,0,0,0,0,0,0,10/15/2025 7:05
662.23,0,0,5903473,779756,265262,-3412,130925,134337,0,0,0,0,0,0,0,10/15/2025 7:06
662.23,0,0,5806576,757561,265262,-3412,130925,134337,0,0,0,0,0,0,0,10/15/2025 7:07
662.23,0,0,5644099,654024,265262,-3412,130925,134337,0,0,0,0,0,0,0,10/15/2025 7:09
662.23,0,0,5753439,747247,265262,-3412,130925,134337,0,0,0,0,0,0,0,10/15/2025 7:10
662.23,0,0,5722497,714715,265262,-3412,130925,134337,0,0,0,0,0,0,0,10/15/2025 7:11
662.23,0,0,5753439,747247,265262,-3412,130925,134337,0,0,0,0,0,0,0,10/15/2025 7:12
662.23,0,0,6086672,584738,265262,-3412,130925,134337,0,0,0,0,0,0,0,10/15/2025 7:13
662.23,0,0,6045416,708506,265262,-3412,130925,134337,0,0,0,0,0,0,0,10/15/2025 7:14
662.23,0,0,5743125,725029,265262,-3412,130925,134337,0,0,0,0,0,0,0,10/15/2025 7:15
662.23,0,0,5606893,631806,265262,-3412,130925,134337,0,0,0,0,0,0,0,10/15/2025 7:16
662.23,0,0,5574493,621492,265262,-3412,130925,134337,0,0,0,0,0,0,0,10/15/2025 7:17
662.23,0,0,5544721,594257,265262,-3412,130925,134337,0,0,0,0,0,0,0,10/15/2025 7:18
662.23,0,0,5445752,541120,265262,-3412,130925,134337,0,0,0,0,0,0,0,10/15/2025 7:19
662.23,0,0,5574493,621492,265262,-3412,130925,134337,0,0,0,0,0,0,0,10/15/2025 7:20
662.23,0,0,5544721,594257,265262,-3412,130925,134337,0,0,0,0,0,0,0,10/15/2025 7:21
662.23,0,0,5544721,594257,265262,-3412,130925,134337,0,0,0,0,0,0,0,10/15/2025 7:22
662.23,0,0,5544721,594257,265262,-3412,130925,134337,0,0,0,0,0,0,0,10/15/2025 7:23
662.23,0,0,5445752,541120,265262,-3412,130925,134337,0,0,0,0,0,0,0,10/15/2025 7:24
662.23,0,0,5534407,583966,265262,-3412,130925,134337,0,0,0,0,0,0,0,10/15/2025 7:25
662.23,0,0,5617207,642120,265262,-3412,130925,134337,0,0,0,0,0,0,0,10/15/2025 7:26
662.23,0,0,5712183,714715,265262,-3412,130925,134337,0,0,0,0,0,0,0,10/15/2025 7:27
662.23,0,0,5743125,725029,265262,-3412,130925,134337,0,0,0,0,0,0,0,10/15/2025 7:28
662.23,0,0,5534407,583966,265262,-3412,130925,134337,0,0,0,0,0,0,0,10/15/2025 7:29
662.23,0,0,5552275,606161,265262,-3412,130925,134337,0,0,0,0,0,0,0,10/15/2025 7:30
662.23,0,0,5499090,573652,265262,-3412,130925,134337,0,0,0,0,0,0,0,10/15/2025 7:31
662.23,0,0,5408100,511348,265262,-3412,130925,134337,0,0,0,0,0,0,0,10/15/2025 7:32
662.23,0,0,5492763,563338,265262,-3412,130925,134337,0,0,0,0,0,0,0,10/15/2025 7:33
662.23,0,0,5574493,621492,265262,-3412,130925,134337,0,0,0,0,0,0,0,10/15/2025 7:34
662.23,0,0,5722497,714715,265262,-3412,130925,134337,0,0,0,0,0,0,0,10/15/2025 7:35
662.23,0,0,5712183,714715,265262,-3412,130925,134337,0,0,0,0,0,0,0,10/15/2025 7:36
662.23,0,0,5552275,606161,265262,-3412,130925,134337,0,0,0,0,0,0,0,10/15/2025 7:37
662.23,0,0,5639402,654024,265262,-3412,130925,134337,0,0,0,0,0,0,0,10/15/2025 7:38
662.23,0,0,5712183,714715,265262,-3412,130925,134337,0,0,0,0,0,0,0,10/15/2025 7:39
662.23,0,0,5753439,747247,265262,-3412,130925,134337,0,0,0,0,0,0,0,10/15/2025 7:40
662.23,0,0,5806576,747247,265262,-3412,130925,134337,0,0,0,0,0,0,0,10/15/2025 7:42
662.23,0,0,6045416,718820,265262,-3412,130925,134337,0,0,0,0,0,0,0,10/15/2025 7:43
662.23,0,0,5806576,747247,265262,-3412,130925,134337,0,0,0,0,0,0,0,10/15/2025 7:44
662.23,0,0,5775657,747247,265262,-3412,130925,134337,0,0,0,0,0,0,0,10/15/2025 7:45
662.23,0,0,6125570,421281,265262,-3412,130925,134337,0,0,0,0,0,0,0,10/15/2025 7:46
662.23,0,0,5806576,747247,265262,-3412,130925,134337,0,0,0,0,0,0,0,10/15/2025 7:47
662.23,0,0,5856173,779756,265262,-3412,130925,134337,0,0,0,0,0,0,0,10/15/2025 7:48
662.23,0,0,5806576,747247,265262,-3412,130925,134337,0,0,0,0,0,0,0,10/15/2025 7:49
662.23,0,0,5856173,779756,265262,-3412,130925,134337,0,0,0,0,0,0,0,10/15/2025 7:50
662.23,0,0,5775657,747247,265262,-3412,130925,134337,0,0,0,0,0,0,0,10/15/2025 7:51
662.23,0,0,5775657,747247,265262,-3412,130925,134337,0,0,0,0,0,0,0,10/15/2025 7:52
662.23,0,0,5775657,747247,265262,-3412,130925,134337,0,0,0,0,0,0,0,10/15/2025 7:53
662.23,0,0,5913787,779756,265262,-3412,130925,134337,0,0,0,0,0,0,0,10/15/2025 7:54
662.23,0,0,5939258,769442,265262,-3412,130925,134337,0,0,0,0,0,0,0,10/15/2025 7:55
662.23,0,0,5882845,779756,265262,-3412,130925,134337,0,0,0,0,0,0,0,10/15/2025 7:56
662.23,0,0,5743125,725029,265262,-3412,130925,134337,0,0,0,0,0,0,0,10/15/2025 7:57
662.23,0,0,5816890,757561,265262,-3412,130925,134337,0,0,0,0,0,0,0,10/15/2025 7:58
662.23,0,0,5816890,757561,265262,-3412,130925,134337,0,0,0,0,0,0,0,10/15/2025 7:59
662.23,0,0,5903473,779756,265262,-3412,130925,134337,0,0,0,0,0,0,0,10/15/2025 8:00
662.23,0,0,5959886,771032,265262,-3412,130925,134337,0,0,0,0,0,0,0,10/15/2025 8:01
662.23,0,0,6168605,444450,265262,-3412,130925,134337,0,0,0,0,0,0,0,10/15/2025 8:02
662.23,0,0,6210267,478549,265262,-3412,130925,134337,0,0,0,0,0,0,0,10/15/2025 8:03
662.23,0,0,6180509,466645,265262,-3412,130925,134337,0,0,0,0,0,0,0,10/15/2025 8:04
662.23,0,0,6210267,490453,265262,-3412,130925,134337,0,0,0,0,0,0,0,10/15/2025 8:06
662.23,0,0,6226781,490453,265262,-3412,130925,134337,0,0,0,0,0,0,0,10/15/2025 8:07
662.23,0,0,6306505,568093,265262,-3412,130925,134337,0,0,0,0,0,0,0,10/15/2025 8:08
662.23,0,0,6506909,776917,265262,-3412,130925,134337,0,0,0,0,0,0,0,10/15/2025 8:09
662.23,0,0,6657519,912189,265262,-3412,130925,134337,0,0,0,0,0,0,0,10/15/2025 8:10
662.23,0,0,6710152,985732,265262,-3412,130925,134337,0,0,0,0,0,0,0,10/15/2025 8:11
662.23,0,0,6980326,946794,265262,-3412,130925,134337,0,0,0,0,0,0,0,10/15/2025 8:12
662.23,0,0,6809048,1019831,265262,-3412,130925,134337,0,0,0,0,0,0,0,10/15/2025 8:13
662.23,0,0,7104063,314269,265262,-3412,130925,134337,0,0,0,0,0,0,0,10/15/2025 8:14
662.23,0,0,7134623,342405,265262,-3412,130925,134337,0,0,0,0,0,0,0,10/15/2025 8:15
662.23,0,0,7134623,342405,265262,-3412,130925,134337,0,0,0,0,0,0,0,10/15/2025 8:16
662.23,0,0,7150562,390527,265262,-3412,130925,134337,0,0,0,0,0,0,0,10/15/2025 8:17
662.23,0,0,7166525,411109,265262,-3412,130925,134337,0,0,0,0,0,0,0,10/15/2025 8:18
662.23,0,0,7166525,430438,265262,-3412,130925,134337,0,0,0,0,0,0,0,10/15/2025 8:19
662.23,0,0,6669423,954370,265262,-3412,130925,134337,0,0,0,0,0,0,0,10/15/2025 8:20
662.23,0,0,6381027,665444,265262,-3412,130925,134337,0,0,0,0,0,0,0,10/15/2025 8:21
662.23,0,0,6483101,765013,265262,-3412,130925,134337,0,0,0,0,0,0,0,10/15/2025 8:22
662.23,0,0,6589882,876477,265262,-3412,130925,134337,0,0,0,0,0,0,0,10/15/2025 8:23
662.23,0,0,6980326,946794,265262,-3412,130925,134337,0,0,0,0,0,0,0,10/15/2025 8:24
662.23,0,0,6698248,985732,265262,-3412,130925,134337,0,0,0,0,0,0,0,10/15/2025 8:25
662.23,0,0,6552686,830474,265262,-3412,130925,134337,0,0,0,0,0,0,0,10/15/2025 8:26
662.23,0,0,6529104,818570,265262,-3412,130925,134337,0,0,0,0,0,0,0,10/15/2025 8:27
662.23,0,0,6483101,765013,265262,-3412,130925,134337,0,0,0,0,0,0,0,10/15/2025 8:28
662.23,0,0,6369123,645986,265262,-3412,130925,134337,0,0,0,0,0,0,0,10/15/2025 8:29
662.23,0,0,6306505,579997,265262,-3412,130925,134337,0,0,0,0,0,0,0,10/15/2025 8:30
662.23,0,0,6294601,545898,265262,-3412,130925,134337,0,0,0,0,0,0,0,10/15/2025 8:31
662.23,0,0,6517200,796375,265262,-3412,130925,134337,0,0,0,0,0,0,0,10/15/2025 8:32
662.23,0,0,6392931,677348,265262,-3412,130925,134337,0,0,0,0,0,0,0,10/15/2025 8:33
662.23,0,0,6552686,830474,265262,-3412,130925,134337,0,0,0,0,0,0,0,10/15/2025 8:34
662.23,0,0,6264852,533994,265262,-3412,130925,134337,0,0,0,0,0,0,0,10/15/2025 8:35
662.23,0,0,6366699,645986,265262,-3412,130925,134337,0,0,0,0,0,0,0,10/15/2025 8:36
662.23,0,0,6483101,753109,265262,-3412,130925,134337,0,0,0,0,0,0,0,10/15/2025 8:37
662.23,0,0,6366699,634082,265262,-3412,130925,134337,0,0,0,0,0,0,0,10/15/2025 8:39
662.23,0,0,6306505,568093,265262,-3412,130925,134337,0,0,0,0,0,0,0,10/15/2025 8:40
662.23,0,0,6366699,634082,265262,-3412,130925,134337,0,0,0,0,0,0,0,10/15/2025 8:41
662.23,0,0,6552686,830474,265262,-3412,130925,134337,0,0,0,0,0,0,0,10/15/2025 8:42
662.23,0,0,6506909,776917,265262,-3412,130925,134337,0,0,0,0,0,0,0,10/15/2025 8:43
662.23,0,0,6495005,776917,265262,-3412,130925,134337,0,0,0,0,0,0,0,10/15/2025 8:44
662.23,0,0,6698248,985732,265262,-3412,130925,134337,0,0,0,0,0,0,0,10/15/2025 8:45
662.23,0,0,6451739,719010,265262,-3412,130925,134337,0,0,0,0,0,0,0,10/15/2025 8:46
662.23,0,0,6541008,818570,265262,-3412,130925,134337,0,0,0,0,0,0,0,10/15/2025 8:47
662.23,0,0,6922419,1006314,265262,-3412,130925,134337,0,0,0,0,0,0,0,10/15/2025 8:48
662.23,0,0,6809048,1019831,265262,-3412,130925,134337,0,0,0,0,0,0,0,10/15/2025 8:49
662.23,0,0,6343112,611887,265262,-3412,130925,134337,0,0,0,0,0,0,0,10/15/2025 8:50
662.23,0,0,6657519,912189,265262,-3412,130925,134337,0,0,0,0,0,0,0,10/15/2025 8:51
662.23,0,0,6681327,966274,265262,-3412,130925,134337,0,0,0,0,0,0,0,10/15/2025 8:52
662.23,0,0,7106487,321823,265262,-3412,130925,134337,0,0,0,0,0,0,0,10/15/2025 8:53
662.23,0,0,7106487,321823,265262,-3412,130925,134337,0,0,0,0,0,0,0,10/15/2025 8:54
662.23,0,0,7106487,321823,265262,-3412,130925,134337,0,0,0,0,0,0,0,10/15/2025 8:55
662.23,0,0,7106487,321823,265262,-3412,130925,134337,0,0,0,0,0,0,0,10/15/2025 8:56
662.23,0,0,7027942,827754,265262,-3412,130925,134337,0,0,0,0,0,0,0,10/15/2025 8:57
662.23,0,0,6886707,1019831,265262,-3412,130925,134337,0,0,0,0,0,0,0,10/15/2025 8:58
662.23,0,0,7116778,332114,265262,-3412,130925,134337,0,0,0,0,0,0,0,10/15/2025 8:59
662.23,0,0,6612077,876477,265262,-3412,130925,134337,0,0,0,0,0,0,0,10/15/2025 9:00
662.23,0,0,6483101,765013,265262,-3412,130925,134337,0,0,0,0,0,0,0,10/15/2025 9:02
662.23,0,0,6612077,876477,265262,-3412,130925,134337,0,0,0,0,0,0,0,10/15/2025 9:03
662.23,0,0,6577978,854282,265262,-3412,130925,134337,0,0,0,0,0,0,0,10/15/2025 9:04
662.23,0,0,6577978,854282,265262,-3412,130925,134337,0,0,0,0,0,0,0,10/15/2025 9:05
662.23,0,0,6381027,665444,265262,-3412,130925,134337,0,0,0,0,0,0,0,10/15/2025 9:06
662.23,0,0,6381027,665444,265262,-3412,130925,134337,0,0,0,0,0,0,0,10/15/2025 9:07
662.23,0,0,6331208,591901,265262,-3412,130925,134337,0,0,0,0,0,0,0,10/15/2025 9:08
662.23,0,0,6294601,545898,265262,-3412,130925,134337,0,0,0,0,0,0,0,10/15/2025 9:09
662.23,0,0,6306505,568093,265262,-3412,130925,134337,0,0,0,0,0,0,0,10/15/2025 9:10
662.23,0,0,6366699,645986,265262,-3412,130925,134337,0,0,0,0,0,0,0,10/15/2025 9:11
662.23,0,0,6354795,634082,265262,-3412,130925,134337,0,0,0,0,0,0,0,10/15/2025 9:12
662.23,0,0,6306505,579997,265262,-3412,130925,134337,0,0,0,0,0,0,0,10/15/2025 9:13
662.23,0,0,6294601,545898,265262,-3412,130925,134337,0,0,0,0,0,0,0,10/15/2025 9:14
662.23,0,0,6294601,545898,265262,-3412,130925,134337,0,0,0,0,0,0,0,10/15/2025 9:15
662.23,0,0,6306505,568093,265262,-3412,130925,134337,0,0,0,0,0,0,0,10/15/2025 9:16
662.23,0,0,6264852,533994,265262,-3412,130925,134337,0,0,0,0,0,0,0,10/15/2025 9:17
662.23,0,0,6318409,579997,265262,-3412,130925,134337,0,0,0,0,0,0,0,10/15/2025 9:18
662.23,0,0,6463643,730914,265262,-3412,130925,134337,0,0,0,0,0,0,0,10/15/2025 9:19
662.23,0,0,6354795,634082,265262,-3412,130925,134337,0,0,0,0,0,0,0,10/15/2025 9:20
662.23,0,0,6354795,634082,265262,-3412,130925,134337,0,0,0,0,0,0,0,10/15/2025 9:21
662.23,0,0,6323252,591901,265262,-3412,130925,134337,0,0,0,0,0,0,0,10/15/2025 9:22
662.23,0,0,6226781,502357,265262,-3412,130925,134337,0,0,0,0,0,0,0,10/15/2025 9:23
662.23,0,0,6210267,490453,265262,-3412,130925,134337,0,0,0,0,0,0,0,10/15/2025 9:24
662.23,0,0,6188072,478549,265262,-3412,130925,134337,0,0,0,0,0,0,0,10/15/2025 9:26
662.23,0,0,6226781,490453,265262,-3412,130925,134337,0,0,0,0,0,0,0,10/15/2025 9:27
662.23,0,0,6294601,545898,265262,-3412,130925,134337,0,0,0,0,0,0,0,10/15/2025 9:28
662.23,0,0,6260155,532106,265262,-3412,130925,134337,0,0,0,0,0,0,0,10/15/2025 9:29
662.23,0,0,6198363,478549,265262,-3412,130925,134337,0,0,0,0,0,0,0,10/15/2025 9:30
666.34,17259,18900,5636154,665331,275639,72891,174265,101374,-1641,0,193388,92532,99998,738830,-553033,10/15/2025 9:31
666.65,37962,34719,5942778,651169,275639,72891,174265,101374,3243,0,778979.5,209286,186052,1486328,-969728,10/15/2025 9:32
666.81,55005,47660,6168671,680432,275639,72891,174265,101374,7345,0,1511957.5,292975,255888,2088843,-1314989,10/15/2025 9:33
666.96,71176,60677,6352915,683411,275639,72891,174265,101374,10499,17679,2145173,382644,316211,2818142,-1597027,10/15/2025 9:34
666.55,86983,74931,5705905,624075,275639,72891,174265,101374,12052,263435.5,3769220.5,467163,411906,3120728,-2231498,10/15/2025 9:35
667.285,101825,90906,6854435,714294,275639,72891,174265,101374,10919,1276876,4362779,554833,465215,4184125,-2346633,10/15/2025 9:36
667.32,126423,103200,6849780,723629,275639,72891,174265,101374,23223,2826065,5404590,714653,536127,5130957,-2722877,10/15/2025 9:37
666.88,144354,114118,6110865,660383,275639,72891,174265,101374,30236,3783844.5,6993181.5,788927,624376,5290337,-3297935,10/15/2025 9:38
666.795,155053,126586,5994729,650723,275639,72891,174265,101374,28467,4561964.5,8820697.5,855102,702105,5589573,-3885219,10/15/2025 9:39
666.86,166420,142776,6123197,667853,275639,72891,174265,101374,23644,5551007.5,10606217.5,911092,807890,6073952,-4397098,10/15/2025 9:40
666.97,176113,152278,6309898,683695,275639,72891,174265,101374,23835,6391906,11047029,959375,840817,6521086,-4584934,10/15/2025 9:41
667.26,190165,165672,6718578,715166,275639,72891,174265,101374,24493,8031462.5,10945454.5,1049140,880948,7422563,-4683731,10/15/2025 9:42
667.57,218722,162774,6683989,718998,252738,118478,185608,67130,55948,10684649.5,11104788.5,1216098,924222,8807159,-4689915,10/15/2025 9:43
666.81,231470,197287,6123272,669474,275639,72891,174265,101374,34183,9718775,16393135,1261105,1113888,8266535,-6211671,10/15/2025 9:44
667.75,257689,196889,6935423,726648,252738,118478,185608,67130,60800,15085229.5,13067316,1435820,1073091,10547213,-5393125,10/15/2025 9:45
667.055,286670,231412,6362393,666705,275639,72891,174265,101374,55258,15247542,18479602,1551989,1267235,10375225,-6927089,10/15/2025 9:46
666.923,302315,241149,6173043,665416,275639,72891,174265,101374,61166,16340742,20582191,1637247,1361108,10627286,-7526195,10/15/2025 9:47
666.36,326065,276457,5522909,599783,275639,72891,174265,101374,49608,15027826.5,28719464,1758930,1602781,10263414,-9806671,10/15/2025 9:48
666.35,339636,300161,5480194,599700,275639,72891,174265,101374,39475,16303829.5,32053100.5,1833053,1742286,10638515,-10595133,10/15/2025 9:49
666.63,351286,317433,5876623,613305,275639,72891,174265,101374,33853,18509571.5,32290666.5,1912080,1827262,11630715,-10636258,10/15/2025 9:50
667.2,365221,331670,6598318,695242,275639,72891,174265,101374,33551,22879662.5,26895299.5,1978422,1773993,13463450,-9798021,10/15/2025 9:51
667.56,395896,324170,6675029,727635,252738,118478,185608,67130,71726,27397914.5,25668189.5,2186781,1821047,15076355,-9402099,10/15/2025 9:52
667.61,413522,333894,6678045,712929,252738,118478,185608,67130,79628,29998566,26353686,2292027,1878524,15848477,-9643136,10/15/2025 9:53
667.55,423794,341206,6646520,729177,252738,118478,185608,67130,82588,29269396,27621894.5,2338611,1921791,15933915,-9991318,10/15/2025 9:54
668.17,453173,357911,7476119,775640,252738,118478,185608,67130,95262,39127847.5,24277713,2554619,1865315,19141801,-9152953,10/15/2025 9:55
668.24,483577,371847,7599582,779361,252738,118478,185608,67130,111730,42745089.5,24968584.5,2717085,1941416,20514173,-9516807,10/15/2025 9:56
668.38,514790,387347,7790650,808071,252738,118478,185608,67130,127443,48580037,25435904,2887907,2033687,22325179,-9609019,10/15/2025 9:57
668.55,530413,401834,7952693,788144,252738,118478,185608,67130,128579,52973862,24280642,3097340,2052083,23521952,-9535451,10/15/2025 9:59
668.5,549551,413023,7891847,800896,252738,118478,185608,67130,136528,54202763,25712737.5,3179458,2110832,24032709,-10014313,10/15/2025 10:00
668.8299,573154,423619,8305248,833174,252738,118478,185608,67130,149535,62780289.5,24108564,3315793,2034543,26355221,-9559356,10/15/2025 10:01
668.5551,590433,434281,7957917,815620,252738,118478,185608,67130,156152,59173110,26099708,3419527,2197121,25900420,-10302652,10/15/2025 10:02
668.68,601496,439390,8121397,808436,252738,118478,185608,67130,162106,61490257,25753087.5,3516296,2226341,26726566,-10178541,10/15/2025 10:03
668.82,609370,447038,8366551,823549,252738,118478,185608,67130,162332,65636875,23992878,3484988,2111058,28088771,-9935878,10/15/2025 10:04
669.045,627729,457172,8606463,831732,252738,118478,185608,67130,170557,70788981.5,23222445.5,3602277,2168355,29677842,-9686449,10/15/2025 10:05
669.29,660939,471753,8891322,883569,252738,118478,185608,67130,189186,79905508.5,22675298.5,3769621,2133851,32042635,-9506041,10/15/2025 10:06
669.615,684246,483321,9414778,860482,252738,118478,185608,67130,200925,89599312,22131565.5,3821909,2066629,34997466,-9228490,10/15/2025 10:07
669.88,712582,497569,9595619,852120,252738,118478,185608,67130,215013,103598559.5,21437956.5,4103657,2141447,37412652,-9110384,10/15/2025 10:08
669.84,738153,507256,9682275,898334,252738,118478,185608,67130,230897,103733799.5,22811085,4231782,2194327,38748620,-9438185,10/15/2025 10:09
670.07,762398,521255,9806733,868367,252738,118478,185608,67130,241143,114975101.5,22684498,4350760,2194803,40571601,-9382812,10/15/2025 10:10
669.915,780130,533634,9672934,886908,252738,118478,185608,67130,246496,110482368.5,24152160,4481255,2333027,40397591,-9986697,10/15/2025 10:11
669.61,800701,549076,9368380,882685,252738,118478,185608,67130,251625,100002154.5,27446563,4449559,2441758,39257029,-11285977,10/15/2025 10:12
669.62,813165,556523,9376026,875937,252738,118478,185608,67130,256642,102725280,27511140.5,4525364,2458973,39881630,-11312232,10/15/2025 10:13
669.49,820438,562645,9185800,872827,252738,118478,185608,67130,257793,98858083,28891945,4567457,2517934,39143861,-11972429,10/15/2025 10:14
669.765,830818,570461,9451919,875562,252738,118478,185608,67130,260357,108637181.5,27237680,4623328,2541703,41198194,-11413047,10/15/2025 10:15
669.77,840527,574548,9568369,880520,252738,118478,185608,67130,265979,109585487.5,27425124.5,4579716,2558551,41973242,-11453237,10/15/2025 10:16
669.7,847532,578684,9453437,885509,252738,118478,185608,67130,268848,107433160.5,28310189.5,4708344,2580443,41611554,-11924802,10/15/2025 10:17
669.205,857376,583824,8704607,891784,252738,118478,185608,67130,273552,92752177.5,33136547,4808952,2757976,37761117,-13598865,10/15/2025 10:18
669.44,871286,593045,9032039,871305,252738,118478,185608,67130,278241,99933860,31463996,4732402,2658824,40157483,-13138839,10/15/2025 10:19
669.72,882760,598622,9490600,884085,252738,118478,185608,67130,284138,110739576.5,29213655.5,4818799,2615245,42961344,-12289272,10/15/2025 10:20
669.6,893995,603405,9335531,891916,252738,118478,185608,67130,290590,105690965.5,30884292.5,4960097,2720564,42219786,-12912756,10/15/2025 10:21
669.6118,901294,607077,9373254,891090,252738,118478,185608,67130,294217,107223596,31146234.5,4935961,2742131,42520689,-13019525,10/15/2025 10:23
669.82,912223,611987,9555671,880515,252738,118478,185608,67130,300236,116426124.5,29164197.5,4973210,2632122,44626921,-12475229,10/15/2025 10:24
669.82,932897,619349,9650939,890742,252738,118478,185608,67130,313548,117307784,29563377.5,5072552,2671985,45436706,-12617234,10/15/2025 10:25
669.8,940027,626846,9619026,890807,252738,118478,185608,67130,313181,117197017,30444683.5,5112469,2712158,45676153,-12983187,10/15/2025 10:26
669.86,945604,632897,9716368,935738,252738,118478,185608,67130,312707,117238478.5,29239264.5,5107908,2745887,46122295,-12633478,10/15/2025 10:27
669.73,950736,638239,9557225,908375,252738,118478,185608,67130,312497,113438894.5,31365400,5114046,2773652,45404415,-13412709,10/15/2025 10:28
669.78,954430,642374,9619587,910391,252738,118478,185608,67130,312056,113752029.5,30926468,5132767,2795684,45651632,-13433176,10/15/2025 10:29
669.65,967125,651235,9427962,900499,252738,118478,185608,67130,315890,110355374,32832726,5105250,2843415,44987952,-14059035,10/15/2025 10:30
669.6601,972482,655548,9397498,894283,252738,118478,185608,67130,316934,111184875.5,32431304.5,5135531,2869503,45138341,-14143927,10/15/2025 10:31
665.1819,0,0,0,0,0,0,0,0,0,0,0,0,,0,0,10/16/2025 4:48
665.1819,0,0,0,0,0,0,0,0,0,0,0,0,,0,0,10/16/2025 4:49
665.1819,0,0,0,0,0,0,0,0,0,0,0,0,,0,0,10/16/2025 4:50
665.1819,0,0,0,0,0,0,0,0,0,0,0,0,,0,0,10/16/2025 4:52
665.1819,0,0,0,0,0,0,0,0,0,0,0,0,0,0,0,10/16/2025 4:53
665.1819,0,0,0,0,0,0,0,0,0,0,0,0,0,0,0,10/16/2025 4:54
665.1819,0,0,0,0,0,0,0,0,0,0,0,0,0,0,0,10/16/2025 4:55
665.1819,0,0,0,0,0,0,0,0,0,0,0,0,0,0,0,10/16/2025 4:56
665.17,0,0,774764,116741,80377,10575,45476,34901,0,0,0,,0,0,0,10/16/2025 4:57
665.17,0,0,759649,116741,80377,10575,45476,34901,0,0,0,,0,0,0,10/16/2025 4:59
665.17,0,0,772606,116741,80377,10575,45476,34901,0,0,0,,0,0,0,10/16/2025 5:00
665.17,0,0,796095,114945,80377,10575,45476,34901,0,0,0,,0,0,0,10/16/2025 5:01
665.17,0,0,809532,111889,80377,10575,45476,34901,0,0,0,,0,0,0,10/16/2025 5:02
665.17,0,0,799412,112787,80377,10575,45476,34901,0,0,0,,0,0,0,10/16/2025 5:03
665.17,0,0,796095,114945,80377,10575,45476,34901,0,0,0,,0,0,0,10/16/2025 5:04
665.17,0,0,820107,111889,80377,10575,45476,34901,0,0,0,,0,0,0,10/16/2025 5:05
665.17,0,0,830167,116533,80377,10575,45476,34901,0,0,0,,0,0,0,10/16/2025 5:06
665.17,0,0,837794,125936,80377,10575,45476,34901,0,0,0,,0,0,0,10/16/2025 5:07
665.17,0,0,832975,120970,80377,10575,45476,34901,0,0,0,,0,0,0,10/16/2025 5:08
665.17,0,0,796095,114945,80377,10575,45476,34901,0,0,0,,0,0,0,10/16/2025 5:09
665.17,0,0,815891,111889,80377,10575,45476,34901,0,0,0,,0,0,0,10/16/2025 5:10
665.17,0,0,809532,111889,80377,10575,45476,34901,0,0,0,,0,0,0,10/16/2025 5:11
665.17,0,0,818167,111889,80377,10575,45476,34901,0,0,0,,0,0,0,10/16/2025 5:12
665.17,0,0,802586,111889,80377,10575,45476,34901,0,0,0,,0,0,0,10/16/2025 5:13
665.17,0,0,788917,115843,80377,10575,45476,34901,0,0,0,,0,0,0,10/16/2025 5:14
665.17,0,0,758964,114557,80377,10575,45476,34901,0,0,0,,0,0,0,10/16/2025 5:15
665.17,0,0,809532,111889,80377,10575,45476,34901,0,0,0,,0,0,0,10/16/2025 5:16
665.17,0,0,779667,115843,80377,10575,45476,34901,0,0,0,,0,0,0,10/16/2025 5:17
665.17,0,0,759649,116741,80377,10575,45476,34901,0,0,0,,0,0,0,10/16/2025 5:18
665.17,0,0,772606,116741,80377,10575,45476,34901,0,0,0,,0,0,0,10/16/2025 5:19
665.17,0,0,818167,111889,80377,10575,45476,34901,0,0,0,,0,0,0,10/16/2025 5:20
665.17,0,0,850936,124676,80377,10575,45476,34901,0,0,0,,0,0,0,10/16/2025 5:21
665.17,0,0,837794,125936,80377,10575,45476,34901,0,0,0,,0,0,0,10/16/2025 5:23
665.17,0,0,842993,124676,80377,10575,45476,34901,0,0,0,,0,0,0,10/16/2025 5:24
665.17,0,0,875704,122841,80377,10575,45476,34901,0,0,0,,0,0,0,10/16/2025 5:25
665.17,0,0,842993,124676,80377,10575,45476,34901,0,0,0,,0,0,0,10/16/2025 5:26
665.17,0,0,883238,127828,80377,10575,45476,34901,0,0,0,,0,0,0,10/16/2025 5:27
665.17,0,0,900643,127828,80377,10575,45476,34901,0,0,0,,0,0,0,10/16/2025 5:28
665.17,0,0,918942,134108,80377,10575,45476,34901,0,0,0,,0,0,0,10/16/2025 5:29
665.17,0,0,918942,134108,80377,10575,45476,34901,0,0,0,,0,0,0,10/16/2025 5:30
665.17,0,0,837794,125936,80377,10575,45476,34901,0,0,0,,0,0,0,10/16/2025 5:31
665.17,0,0,869626,122841,80377,10575,45476,34901,0,0,0,,0,0,0,10/16/2025 5:32
665.17,0,0,869626,122841,80377,10575,45476,34901,0,0,0,,0,0,0,10/16/2025 5:33
665.17,0,0,866011,123416,80377,10575,45476,34901,0,0,0,,0,0,0,10/16/2025 5:34
665.17,0,0,815891,111889,80377,10575,45476,34901,0,0,0,,0,0,0,10/16/2025 5:35
665.17,0,0,821367,111889,80377,10575,45476,34901,0,0,0,,0,0,0,10/16/2025 5:36
665.17,0,0,788917,115843,80377,10575,45476,34901,0,0,0,,0,0,0,10/16/2025 5:37
665.17,0,0,774764,116741,80377,10575,45476,34901,0,0,0,,0,0,0,10/16/2025 5:38
665.17,0,0,758964,116741,80377,10575,45476,34901,0,0,0,,0,0,0,10/16/2025 5:39
665.17,0,0,764304,116741,80377,10575,45476,34901,0,0,0,,0,0,0,10/16/2025 5:40
665.17,0,0,796095,114945,80377,10575,45476,34901,0,0,0,,0,0,0,10/16/2025 5:41
665.17,0,0,788917,115843,80377,10575,45476,34901,0,0,0,,0,0,0,10/16/2025 5:42
665.17,0,0,785937,115843,80377,10575,45476,34901,0,0,0,,0,0,0,10/16/2025 5:43
665.17,0,0,809532,111889,80377,10575,45476,34901,0,0,0,,0,0,0,10/16/2025 5:44
665.17,0,0,909668,134108,80377,10575,45476,34901,0,0,0,,0,0,0,10/16/2025 5:45
665.17,0,0,930295,133092,80377,10575,45476,34901,0,0,0,,0,0,0,10/16/2025 5:46
665.17,0,0,953729,137946,80377,10575,45476,34901,0,0,0,,0,0,0,10/16/2025 5:47
665.17,0,0,962584,137946,80377,10575,45476,34901,0,0,0,,0,0,0,10/16/2025 5:48
665.17,0,0,995205,141864,80377,10575,45476,34901,0,0,0,,0,0,0,10/16/2025 5:49
665.17,0,0,1004859,141864,80377,10575,45476,34901,0,0,0,,0,0,0,10/16/2025 5:50
665.17,0,0,1004859,141864,80377,10575,45476,34901,0,0,0,,0,0,0,10/16/2025 5:51
665.17,0,0,989667,141864,80377,10575,45476,34901,0,0,0,,0,0,0,10/16/2025 5:52
665.17,0,0,1013073,144946,80377,10575,45476,34901,0,0,0,,0,0,0,10/16/2025 5:53
665.17,0,0,1004859,141864,80377,10575,45476,34901,0,0,0,,0,0,0,10/16/2025 5:54
665.17,0,0,979191,143110,80377,10575,45476,34901,0,0,0,,0,0,0,10/16/2025 5:56
665.17,0,0,968591,137946,80377,10575,45476,34901,0,0,0,,0,0,0,10/16/2025 5:57
665.17,0,0,995205,141864,80377,10575,45476,34901,0,0,0,,0,0,0,10/16/2025 5:58
665.17,0,0,1004859,141864,80377,10575,45476,34901,0,0,0,,0,0,0,10/16/2025 5:59
665.17,0,0,1013073,147167,80377,10575,45476,34901,0,0,0,,0,0,0,10/16/2025 6:00
665.17,0,0,1013073,144946,80377,10575,45476,34901,0,0,0,,0,0,0,10/16/2025 6:01
665.17,0,0,1013073,144946,80377,10575,45476,34901,0,0,0,,0,0,0,10/16/2025 6:02
665.17,0,0,1013073,144946,80377,10575,45476,34901,0,0,0,,0,0,0,10/16/2025 6:03
665.17,0,0,1018301,147167,80377,10575,45476,34901,0,0,0,,0,0,0,10/16/2025 6:04
665.17,0,0,1018301,147167,80377,10575,45476,34901,0,0,0,,0,0,0,10/16/2025 6:05
665.17,0,0,1021191,147167,80377,10575,45476,34901,0,0,0,,0,0,0,10/16/2025 6:06
665.17,0,0,1053248,155120,80377,10575,45476,34901,0,0,0,,0,0,0,10/16/2025 6:07
665.17,0,0,1132655,147227,80377,10575,45476,34901,0,0,0,,0,0,0,10/16/2025 6:08
665.17,0,0,1141253,154133,80377,10575,45476,34901,0,0,0,,0,0,0,10/16/2025 6:09
665.17,0,0,1096635,161789,80377,10575,45476,34901,0,0,0,,0,0,0,10/16/2025 6:10
665.17,0,0,1046401,155120,80377,10575,45476,34901,0,0,0,,0,0,0,10/16/2025 6:11
665.17,0,0,1071756,158990,80377,10575,45476,34901,0,0,0,,0,0,0,10/16/2025 6:12
665.17,0,0,1096635,161789,80377,10575,45476,34901,0,0,0,,0,0,0,10/16/2025 6:13
665.17,0,0,1124780,157056,80377,10575,45476,34901,0,0,0,,0,0,0,10/16/2025 6:14
665.17,0,0,1137092,147227,80377,10575,45476,34901,0,0,0,,0,0,0,10/16/2025 6:15
665.17,0,0,1096635,161789,80377,10575,45476,34901,0,0,0,,0,0,0,10/16/2025 6:16
665.17,0,0,1093792,161117,80377,10575,45476,34901,0,0,0,,0,0,0,10/16/2025 6:17
665.17,0,0,1061537,158990,80377,10575,45476,34901,0,0,0,,0,0,0,10/16/2025 6:18
665.17,0,0,1055658,155120,80377,10575,45476,34901,0,0,0,,0,0,0,10/16/2025 6:20
665.17,0,0,1055658,155120,80377,10575,45476,34901,0,0,0,,0,0,0,10/16/2025 6:21
665.17,0,0,1096635,161789,80377,10575,45476,34901,0,0,0,,0,0,0,10/16/2025 6:22
665.17,0,0,1124780,157056,80377,10575,45476,34901,0,0,0,,0,0,0,10/16/2025 6:23
665.17,0,0,1124780,157056,80377,10575,45476,34901,0,0,0,,0,0,0,10/16/2025 6:24
665.17,0,0,1108312,159379,80377,10575,45476,34901,0,0,0,,0,0,0,10/16/2025 6:25
665.17,0,0,1137092,147227,80377,10575,45476,34901,0,0,0,,0,0,0,10/16/2025 6:26
665.17,0,0,1190967,168810,80377,10575,45476,34901,0,0,0,,0,0,0,10/16/2025 6:27
665.17,0,0,1187637,162530,80377,10575,45476,34901,0,0,0,,0,0,0,10/16/2025 6:28
665.17,0,0,1187637,162530,80377,10575,45476,34901,0,0,0,,0,0,0,10/16/2025 6:29
665.17,0,0,4119768,455039,238292,42862,140577,97715,0,0,0,,0,0,0,10/16/2025 6:30
665.17,0,0,4113074,455039,238292,42862,140577,97715,0,0,0,,0,0,0,10/16/2025 6:31
665.17,0,0,4148171,473239,238292,42862,140577,97715,0,0,0,,0,0,0,10/16/2025 6:32
665.17,0,0,4281863,500179,238292,42862,140577,97715,0,0,0,,0,0,0,10/16/2025 6:33
665.17,0,0,4209652,486320,238292,42862,140577,97715,0,0,0,,0,0,0,10/16/2025 6:34
665.17,0,0,4188911,492383,238292,42862,140577,97715,0,0,0,,0,0,0,10/16/2025 6:35
665.17,0,0,4168093,480957,238292,42862,140577,97715,0,0,0,,0,0,0,10/16/2025 6:36
665.17,0,0,4125831,455039,238292,42862,140577,97715,0,0,0,,0,0,0,10/16/2025 6:37
665.17,0,0,4087965,440698,238292,42862,140577,97715,0,0,0,,0,0,0,10/16/2025 6:38
665.17,0,0,4113074,455039,238292,42862,140577,97715,0,0,0,,0,0,0,10/16/2025 6:39
665.17,0,0,4160928,479562,238292,42862,140577,97715,0,0,0,,0,0,0,10/16/2025 6:40
665.17,0,0,4160928,479562,238292,42862,140577,97715,0,0,0,,0,0,0,10/16/2025 6:41
665.17,0,0,4033777,433533,238292,42862,140577,97715,0,0,0,,0,0,0,10/16/2025 6:42
665.17,0,0,3989490,414560,238292,42862,140577,97715,0,0,0,,0,0,0,10/16/2025 6:43
665.17,0,0,4050792,433533,238292,42862,140577,97715,0,0,0,,0,0,0,10/16/2025 6:44
665.17,0,0,4017642,433533,238292,42862,140577,97715,0,0,0,,0,0,0,10/16/2025 6:45
665.17,0,0,3871873,454419,238292,42862,140577,97715,0,0,0,,0,0,0,10/16/2025 6:46
665.17,0,0,3857924,453875,238292,42862,140577,97715,0,0,0,,0,0,0,10/16/2025 6:47
665.17,0,0,3804680,447796,238292,42862,140577,97715,0,0,0,,0,0,0,10/16/2025 6:48
665.17,0,0,3804680,447796,238292,42862,140577,97715,0,0,0,,0,0,0,10/16/2025 6:49
665.17,0,0,3857924,453875,238292,42862,140577,97715,0,0,0,,0,0,0,10/16/2025 6:50
665.17,0,0,3804680,447796,238292,42862,140577,97715,0,0,0,,0,0,0,10/16/2025 6:51
665.17,0,0,3757818,454417,238292,42862,140577,97715,0,0,0,,0,0,0,10/16/2025 6:53
665.17,0,0,3770502,447796,238292,42862,140577,97715,0,0,0,,0,0,0,10/16/2025 6:54
665.17,0,0,3764439,454417,238292,42862,140577,97715,0,0,0,,0,0,0,10/16/2025 6:55
665.17,0,0,3813189,447796,238292,42862,140577,97715,0,0,0,,0,0,0,10/16/2025 6:56
665.17,0,0,3989490,414560,238292,42862,140577,97715,0,0,0,,0,0,0,10/16/2025 6:57
665.17,0,0,3792889,447796,238292,42862,140577,97715,0,0,0,,0,0,0,10/16/2025 6:58
665.17,0,0,3792889,447796,238292,42862,140577,97715,0,0,0,,0,0,0,10/16/2025 6:59
665.17,0,0,3757818,454417,238292,42862,140577,97715,0,0,0,,0,0,0,10/16/2025 7:00
665.17,0,0,3952599,441250,238292,42862,140577,97715,0,0,0,,0,0,0,10/16/2025 7:01
665.17,0,0,4001968,433533,238292,42862,140577,97715,0,0,0,,0,0,0,10/16/2025 7:02
665.17,0,0,4050792,433533,238292,42862,140577,97715,0,0,0,,0,0,0,10/16/2025 7:03
665.17,0,0,4026130,433533,238292,42862,140577,97715,0,0,0,,0,0,0,10/16/2025 7:04
665.17,0,0,4136938,473239,238292,42862,140577,97715,0,0,0,,0,0,0,10/16/2025 7:05
665.17,0,0,4160928,479562,238292,42862,140577,97715,0,0,0,,0,0,0,10/16/2025 7:06
665.17,0,0,4050792,433533,238292,42862,140577,97715,0,0,0,,0,0,0,10/16/2025 7:07
665.17,0,0,4101193,448345,238292,42862,140577,97715,0,0,0,,0,0,0,10/16/2025 7:08
665.17,0,0,4119768,455039,238292,42862,140577,97715,0,0,0,,0,0,0,10/16/2025 7:09
665.17,0,0,4001968,433533,238292,42862,140577,97715,0,0,0,,0,0,0,10/16/2025 7:10
665.17,0,0,4017642,433533,238292,42862,140577,97715,0,0,0,,0,0,0,10/16/2025 7:11
665.17,0,0,4001968,433533,238292,42862,140577,97715,0,0,0,,0,0,0,10/16/2025 7:12
665.17,0,0,3976733,408145,238292,42862,140577,97715,0,0,0,,0,0,0,10/16/2025 7:13
665.17,0,0,4042703,433533,238292,42862,140577,97715,0,0,0,,0,0,0,10/16/2025 7:14
665.17,0,0,4050792,433533,238292,42862,140577,97715,0,0,0,,0,0,0,10/16/2025 7:16
665.17,0,0,4017642,433533,238292,42862,140577,97715,0,0,0,,0,0,0,10/16/2025 7:17
665.17,0,0,3989490,414560,238292,42862,140577,97715,0,0,0,,0,0,0,10/16/2025 7:18
665.17,0,0,4017642,433533,238292,42862,140577,97715,0,0,0,,0,0,0,10/16/2025 7:19
665.17,0,0,4119768,455039,238292,42862,140577,97715,0,0,0,,0,0,0,10/16/2025 7:20
665.17,0,0,4125831,455039,238292,42862,140577,97715,0,0,0,,0,0,0,10/16/2025 7:21
665.17,0,0,4182217,492383,238292,42862,140577,97715,0,0,0,,0,0,0,10/16/2025 7:22
665.17,0,0,4209652,486320,238292,42862,140577,97715,0,0,0,,0,0,0,10/16/2025 7:23
665.17,0,0,4348180,482042,238292,42862,140577,97715,0,0,0,,0,0,0,10/16/2025 7:24
665.17,0,0,4354243,469916,238292,42862,140577,97715,0,0,0,,0,0,0,10/16/2025 7:25
665.17,0,0,4332800,481990,238292,42862,140577,97715,0,0,0,,0,0,0,10/16/2025 7:26
665.17,0,0,4401066,427475,238292,42862,140577,97715,0,0,0,,0,0,0,10/16/2025 7:27
665.17,0,0,4392836,427475,238292,42862,140577,97715,0,0,0,,0,0,0,10/16/2025 7:28
665.17,0,0,4429140,440584,238292,42862,140577,97715,0,0,0,,0,0,0,10/16/2025 7:29
665.17,0,0,4302891,494116,238292,42862,140577,97715,0,0,0,,0,0,0,10/16/2025 7:30
665.17,0,0,4294672,494116,238292,42862,140577,97715,0,0,0,,0,0,0,10/16/2025 7:31
665.17,0,0,4302891,494116,238292,42862,140577,97715,0,0,0,,0,0,0,10/16/2025 7:32
665.17,0,0,4320043,488053,238292,42862,140577,97715,0,0,0,,0,0,0,10/16/2025 7:33
665.17,0,0,4294620,501281,238292,42862,140577,97715,0,0,0,,0,0,0,10/16/2025 7:34
665.17,0,0,4175971,485968,238292,42862,140577,97715,0,0,0,,0,0,0,10/16/2025 7:35
665.17,0,0,4148171,473239,238292,42862,140577,97715,0,0,0,,0,0,0,10/16/2025 7:36
665.17,0,0,4125831,455039,238292,42862,140577,97715,0,0,0,,0,0,0,10/16/2025 7:37
665.17,0,0,4109820,455039,238292,42862,140577,97715,0,0,0,,0,0,0,10/16/2025 7:38
665.17,0,0,4148171,473239,238292,42862,140577,97715,0,0,0,,0,0,0,10/16/2025 7:39
665.17,0,0,4040547,433533,238292,42862,140577,97715,0,0,0,,0,0,0,10/16/2025 7:40
665.17,0,0,4075055,433533,238292,42862,140577,97715,0,0,0,,0,0,0,10/16/2025 7:41
665.17,0,0,4026130,433533,238292,42862,140577,97715,0,0,0,,0,0,0,10/16/2025 7:42
665.17,0,0,4040547,433533,238292,42862,140577,97715,0,0,0,,0,0,0,10/16/2025 7:43
665.17,0,0,4033777,433533,238292,42862,140577,97715,0,0,0,,0,0,0,10/16/2025 7:44
665.17,0,0,4109820,455039,238292,42862,140577,97715,0,0,0,,0,0,0,10/16/2025 7:45
665.17,0,0,4044098,433533,238292,42862,140577,97715,0,0,0,,0,0,0,10/16/2025 7:46
665.17,0,0,4044098,433533,238292,42862,140577,97715,0,0,0,,0,0,0,10/16/2025 7:47
665.17,0,0,4033777,433533,238292,42862,140577,97715,0,0,0,,0,0,0,10/16/2025 7:48
665.17,0,0,3989490,414560,238292,42862,140577,97715,0,0,0,,0,0,0,10/16/2025 7:50
665.17,0,0,3989490,414560,238292,42862,140577,97715,0,0,0,,0,0,0,10/16/2025 7:51
665.17,0,0,3989490,414560,238292,42862,140577,97715,0,0,0,,0,0,0,10/16/2025 7:52
665.17,0,0,3989490,414560,238292,42862,140577,97715,0,0,0,,0,0,0,10/16/2025 7:53
665.17,0,0,4040547,433533,238292,42862,140577,97715,0,0,0,,0,0,0,10/16/2025 7:54
665.17,0,0,3989490,414560,238292,42862,140577,97715,0,0,0,,0,0,0,10/16/2025 7:55
665.17,0,0,4026130,433533,238292,42862,140577,97715,0,0,0,,0,0,0,10/16/2025 7:56
665.17,0,0,4026130,433533,238292,42862,140577,97715,0,0,0,,0,0,0,10/16/2025 7:57
665.17,0,0,4001968,433533,238292,42862,140577,97715,0,0,0,,0,0,0,10/16/2025 7:58
665.17,0,0,3989490,414560,238292,42862,140577,97715,0,0,0,,0,0,0,10/16/2025 7:59
665.17,0,0,3976733,414560,238292,42862,140577,97715,0,0,0,,0,0,0,10/16/2025 8:00
665.17,0,0,4001968,433533,238292,42862,140577,97715,0,0,0,,0,0,0,10/16/2025 8:01
665.17,0,0,3976733,414560,238292,42862,140577,97715,0,0,0,,0,0,0,10/16/2025 8:02
665.17,0,0,4075055,440698,238292,42862,140577,97715,0,0,0,,0,0,0,10/16/2025 8:03
665.17,0,0,4136938,455039,238292,42862,140577,97715,0,0,0,,0,0,0,10/16/2025 8:04
665.17,0,0,4050792,433533,238292,42862,140577,97715,0,0,0,,0,0,0,10/16/2025 8:05
665.17,0,0,4023705,433533,238292,42862,140577,97715,0,0,0,,0,0,0,10/16/2025 8:06
665.17,0,0,4026130,433533,238292,42862,140577,97715,0,0,0,,0,0,0,10/16/2025 8:07
665.17,0,0,3811374,447796,238292,42862,140577,97715,0,0,0,,0,0,0,10/16/2025 8:08
665.17,0,0,3687926,411251,238292,42862,140577,97715,0,0,0,,0,0,0,10/16/2025 8:09
665.17,0,0,3293785,439894,238292,42862,140577,97715,0,0,0,,0,0,0,10/16/2025 8:10
665.17,0,0,3450060,431962,238292,42862,140577,97715,0,0,0,,0,0,0,10/16/2025 8:11
665.17,0,0,3395976,443214,238292,42862,140577,97715,0,0,0,,0,0,0,10/16/2025 8:13
665.17,0,0,3209662,421694,238292,42862,140577,97715,0,0,0,,0,0,0,10/16/2025 8:14
665.17,0,0,3202497,421694,238292,42862,140577,97715,0,0,0,,0,0,0,10/16/2025 8:15
665.17,0,0,3419345,443214,238292,42862,140577,97715,0,0,0,,0,0,0,10/16/2025 8:16
665.17,0,0,3419345,443214,238292,42862,140577,97715,0,0,0,,0,0,0,10/16/2025 8:17
665.17,0,0,3495396,436975,238292,42862,140577,97715,0,0,0,,0,0,0,10/16/2025 8:18
665.17,0,0,3467933,431962,238292,42862,140577,97715,0,0,0,,0,0,0,10/16/2025 8:19
665.17,0,0,3419345,443214,238292,42862,140577,97715,0,0,0,,0,0,0,10/16/2025 8:20
665.17,0,0,3553795,420175,238292,42862,140577,97715,0,0,0,,0,0,0,10/16/2025 8:21
665.17,0,0,3467933,431962,238292,42862,140577,97715,0,0,0,,0,0,0,10/16/2025 8:22
665.17,0,0,3638102,404836,238292,42862,140577,97715,0,0,0,,0,0,0,10/16/2025 8:23
665.17,0,0,3666761,411251,238292,42862,140577,97715,0,0,0,,0,0,0,10/16/2025 8:24
665.17,0,0,3334019,428642,238292,42862,140577,97715,0,0,0,,0,0,0,10/16/2025 8:25
665.17,0,0,3322715,439894,238292,42862,140577,97715,0,0,0,,0,0,0,10/16/2025 8:26
665.17,0,0,3334019,428642,238292,42862,140577,97715,0,0,0,,0,0,0,10/16/2025 8:27
665.17,0,0,3395976,443214,238292,42862,140577,97715,0,0,0,,0,0,0,10/16/2025 8:28
665.17,0,0,3489986,420710,238292,42862,140577,97715,0,0,0,,0,0,0,10/16/2025 8:29
665.17,0,0,3638102,404836,238292,42862,140577,97715,0,0,0,,0,0,0,10/16/2025 8:30
665.17,0,0,3638102,404836,238292,42862,140577,97715,0,0,0,,0,0,0,10/16/2025 8:31
665.17,0,0,3666761,411251,238292,42862,140577,97715,0,0,0,,0,0,0,10/16/2025 8:32
665.17,0,0,3714432,430154,238292,42862,140577,97715,0,0,0,,0,0,0,10/16/2025 8:33
665.17,0,0,3989490,414560,238292,42862,140577,97715,0,0,0,,0,0,0,10/16/2025 8:34
665.17,0,0,3959220,434629,238292,42862,140577,97715,0,0,0,,0,0,0,10/16/2025 8:35
665.17,0,0,3864545,453875,238292,42862,140577,97715,0,0,0,,0,0,0,10/16/2025 8:37
665.17,0,0,4125831,455039,238292,42862,140577,97715,0,0,0,,0,0,0,10/16/2025 8:38
665.17,0,0,4148171,473239,238292,42862,140577,97715,0,0,0,,0,0,0,10/16/2025 8:39
665.17,0,0,4197216,492383,238292,42862,140577,97715,0,0,0,,0,0,0,10/16/2025 8:40
665.17,0,0,4386773,439601,238292,42862,140577,97715,0,0,0,,0,0,0,10/16/2025 8:41
665.17,0,0,4312878,488053,238292,42862,140577,97715,0,0,0,,0,0,0,10/16/2025 8:42
665.17,0,0,4338863,482042,238292,42862,140577,97715,0,0,0,,0,0,0,10/16/2025 8:43
665.17,0,0,4429140,433890,238292,42862,140577,97715,0,0,0,,0,0,0,10/16/2025 8:44
665.17,0,0,4478652,465949,238292,42862,140577,97715,0,0,0,,0,0,0,10/16/2025 8:45
665.17,0,0,4478652,465949,238292,42862,140577,97715,0,0,0,,0,0,0,10/16/2025 8:46
665.17,0,0,4281863,494116,238292,42862,140577,97715,0,0,0,,0,0,0,10/16/2025 8:47
665.17,0,0,4401066,427475,238292,42862,140577,97715,0,0,0,,0,0,0,10/16/2025 8:48
665.17,0,0,4401066,427475,238292,42862,140577,97715,0,0,0,,0,0,0,10/16/2025 8:49
665.17,0,0,4401066,427475,238292,42862,140577,97715,0,0,0,,0,0,0,10/16/2025 8:50
665.17,0,0,4438783,465949,238292,42862,140577,97715,0,0,0,,0,0,0,10/16/2025 8:51
665.17,0,0,4438783,465949,238292,42862,140577,97715,0,0,0,,0,0,0,10/16/2025 8:52
665.17,0,0,4447343,465949,238292,42862,140577,97715,0,0,0,,0,0,0,10/16/2025 8:53
665.17,0,0,4438783,465949,238292,42862,140577,97715,0,0,0,,0,0,0,10/16/2025 8:54
665.17,0,0,4502384,473596,238292,42862,140577,97715,0,0,0,,0,0,0,10/16/2025 8:55
665.17,0,0,4424129,427475,238292,42862,140577,97715,0,0,0,,0,0,0,10/16/2025 8:56
665.17,0,0,4424129,427475,238292,42862,140577,97715,0,0,0,,0,0,0,10/16/2025 8:57
665.17,0,0,4197216,492383,238292,42862,140577,97715,0,0,0,,0,0,0,10/16/2025 8:58
665.17,0,0,4143001,473239,238292,42862,140577,97715,0,0,0,,0,0,0,10/16/2025 8:59
665.17,0,0,4188911,492383,238292,42862,140577,97715,0,0,0,,0,0,0,10/16/2025 9:00
665.17,0,0,4154865,473239,238292,42862,140577,97715,0,0,0,,0,0,0,10/16/2025 9:01
665.17,0,0,4075055,440698,238292,42862,140577,97715,0,0,0,,0,0,0,10/16/2025 9:02
665.17,0,0,3939863,441177,238292,42862,140577,97715,0,0,0,,0,0,0,10/16/2025 9:03
665.17,0,0,3871166,454419,238292,42862,140577,97715,0,0,0,,0,0,0,10/16/2025 9:04
665.17,0,0,3952599,434629,238292,42862,140577,97715,0,0,0,,0,0,0,10/16/2025 9:05
665.17,0,0,3989490,414560,238292,42862,140577,97715,0,0,0,,0,0,0,10/16/2025 9:07
665.17,0,0,4023705,433533,238292,42862,140577,97715,0,0,0,,0,0,0,10/16/2025 9:08
665.17,0,0,4056855,433533,238292,42862,140577,97715,0,0,0,,0,0,0,10/16/2025 9:09
665.17,0,0,4033777,433533,238292,42862,140577,97715,0,0,0,,0,0,0,10/16/2025 9:10
665.17,0,0,4039840,433533,238292,42862,140577,97715,0,0,0,,0,0,0,10/16/2025 9:11
665.17,0,0,4154865,473239,238292,42862,140577,97715,0,0,0,,0,0,0,10/16/2025 9:12
665.17,0,0,4136938,455039,238292,42862,140577,97715,0,0,0,,0,0,0,10/16/2025 9:13
665.17,0,0,4136938,455039,238292,42862,140577,97715,0,0,0,,0,0,0,10/16/2025 9:14
665.17,0,0,4136938,455039,238292,42862,140577,97715,0,0,0,,0,0,0,10/16/2025 9:15
665.17,0,0,4154865,473239,238292,42862,140577,97715,0,0,0,,0,0,0,10/16/2025 9:16
665.17,0,0,4175971,485968,238292,42862,140577,97715,0,0,0,,0,0,0,10/16/2025 9:17
665.17,0,0,4202194,486320,238292,42862,140577,97715,0,0,0,,0,0,0,10/16/2025 9:18
665.17,0,0,4075055,440698,238292,42862,140577,97715,0,0,0,,0,0,0,10/16/2025 9:19
665.17,0,0,3885952,454419,238292,42862,140577,97715,0,0,0,,0,0,0,10/16/2025 9:20
665.17,0,0,3915532,447798,238292,42862,140577,97715,0,0,0,,0,0,0,10/16/2025 9:21
665.17,0,0,3683051,411251,238292,42862,140577,97715,0,0,0,,0,0,0,10/16/2025 9:22
665.17,0,0,3701785,420101,238292,42862,140577,97715,0,0,0,,0,0,0,10/16/2025 9:24
665.17,0,0,3885952,454419,238292,42862,140577,97715,0,0,0,,0,0,0,10/16/2025 9:25
665.17,0,0,3652370,411251,238292,42862,140577,97715,0,0,0,,0,0,0,10/16/2025 9:26
665.17,0,0,3625418,404836,238292,42862,140577,97715,0,0,0,,0,0,0,10/16/2025 9:27
665.17,0,0,3322715,439894,238292,42862,140577,97715,0,0,0,,0,0,0,10/16/2025 9:28
665.17,0,0,3028160,434362,238292,42862,140577,97715,0,0,0,,0,0,0,10/16/2025 9:29
665.17,0,0,2993170,444723,238292,42862,140577,97715,0,0,0,,0,0,0,10/16/2025 9:30
667.0505,17248,12922,3018948,353449,238292,42862,140577,97715,4326,0,0,400537.57,388437.53,496503,-360847,10/16/2025 9:31
667.49,32078,25153,3551744,401427,238292,42862,140577,97715,6925,0,82960,,765144.4,1058190,-655970,10/16/2025 9:32
666.92,53531,36164,2870205,356891,238292,42862,140577,97715,17367,153774.5,594846,1295360.05,,1599128,-1081945,10/16/2025 9:33
666.74,64579,49233,2700665,334856,238292,42862,140577,97715,15346,559358,1660382.5,1569428.07,1516014.26,1889397,-1577265,10/16/2025 9:34
666.86,79047,79957,2824311,334916,238292,42862,140577,97715,-910,1378527.5,4746932.5,1934917.57,,2332422,-2566039,10/16/2025 9:35
666.7,87479,93077,2639188,334748,238292,42862,140577,97715,-5598,1825903.5,6342241.5,2147313.78,,2502527,-3103194,10/16/2025 9:36
666.645,96648,105575,2617231,343284,238292,42862,140577,97715,-8927,2323988.5,8212744,2357045.98,3200536.84,2726723,-3623950,10/16/2025 9:37
666.77,103792,116099,2704189,346695,238292,42862,140577,97715,-12307,2896763,8821042.5,2571428.6,3477888.45,3018559,-3840031,10/16/2025 9:38
666.97,112597,124698,2932018,357074,238292,42862,140577,97715,-12101,3544498,9533803.5,2723819.61,,3410502,-4034788,10/16/2025 9:39
666.82,122252,132895,2774789,343929,238292,42862,140577,97715,-10643,4223943.5,10973757,2990701.95,4019192.42,3606985,-4436639,10/16/2025 9:40
666.4038,133354,152821,2366856,324457,238292,42862,140577,97715,-19467,4773905.5,15475306,3328580.11,4727757.52,3700036,-5612163,10/16/2025 9:41
666.67,142781,173075,2645476,331531,238292,42862,140577,97715,-30294,5818098.5,16852693.5,,5415170.18,4185855,-6000345,10/16/2025 9:42
666.71,153538,187040,2660878,332220,238292,42862,140577,97715,-33502,7247257.5,17476823.5,3862437.52,5668797.58,4618904,-6375996,10/16/2025 9:43
667.15,172835,201673,3127363,349355,238292,42862,140577,97715,-28838,9825540,16846338,4251868.89,6064197.56,5682330,-6362817,10/16/2025 9:44
667.64,211841,203571,3528650,483452,233737,95997,164867,68870,8270,14299254.5,15350653.5,5152839.9,,7275047,-6038581,10/16/2025 9:45
667.97,248073,216990,3935632,491252,233737,95997,164867,68870,31083,19668305.5,15749057,6021353.77,6474248.46,9054168,-6085561,10/16/2025 9:46
667.3,259070,238150,3324663,400289,238292,42862,140577,97715,20920,18715691.5,20141609.5,6438984.16,7193697.34,8748325,-7398593,10/16/2025 9:47
666.94,277946,258708,2965018,359071,238292,42862,140577,97715,19238,18181348,25299488.5,6831535.91,7943789.12,8697852,-8612209,10/16/2025 9:48
666.56,288209,271014,2546003,344108,238292,42862,140577,97715,17195,17840782,29175128.5,7358085.65,8314166.31,8349492,-9562133,10/16/2025 9:49
666.2493,302065,292463,2191460,304717,238292,42862,140577,97715,9602,17280109,35528731,7706374.41,9187632.68,8237408,-10994198,10/16/2025 9:50
666.56,313369,313421,2518264,328741,238292,42862,140577,97715,-52,19837510,35699875,7955716.52,9886433.17,9128716,-11077190,10/16/2025 9:51
666.38,323939,328573,2344768,324568,238292,42862,140577,97715,-4634,20104643.5,38851246.5,8278115.35,10410058.56,9149948,-11921031,10/16/2025 9:52
666.365,334783,344639,2288158,304201,238292,42862,140577,97715,-9856,21054981.5,40654358.5,8666065.99,10780940.29,9423165,-12576812,10/16/2025 9:53
666.63,339932,352985,2580787,335124,238292,42862,140577,97715,-13053,22848384,38139664,8687879.68,,10096175,-12171003,10/16/2025 9:54
666.825,347200,361662,2769125,343929,238292,42862,140577,97715,-14462,24525369,37669029.5,8725051.57,11329567.86,10666512,-12016079,10/16/2025 9:55
666.72,359997,374478,2654406,333003,238292,42862,140577,97715,-14481,25461674.5,39769341,9143939.97,11670299.42,10934194,-12660834,10/16/2025 9:56
666.69,367898,390871,2630020,319869,238292,42862,140577,97715,-22973,26049377,42518140,9331768.54,12305577.26,11168069,-13230784,10/16/2025 9:57
666.835,372818,397977,2779845,344636,238292,42862,140577,97715,-25159,27536140.5,40772014.5,9418847.79,12297286.67,11662164,-13170117,10/16/2025 9:58
666.74,382497,406907,2672027,331647,238292,42862,140577,97715,-24410,27979020,43712987.5,9721620.5,12731650.99,11776293,-13724036,10/16/2025 9:59
666.715,388419,414479,2642187,336028,238292,42862,140577,97715,-26060,28927234.5,43361251.5,9945474.69,,11997855,-13972738,10/16/2025 10:00
666.79,392091,421225,2737501,343458,238292,42862,140577,97715,-29134,28466246,45757848,,13425207.6,12148792,-14124227,10/16/2025 10:02
666.69,395608,429756,2615967,332168,238292,42862,140577,97715,-34148,28245964.5,46386801,9952564.99,13391198.32,12028461,-14467097,10/16/2025 10:03
666.17,404759,442917,2105418,311882,238292,42862,140577,97715,-38158,24557702,56883723.5,,14243371.73,11061564,-16342358,10/16/2025 10:04
666.39,416681,459979,2264360,319808,238292,42862,140577,97715,-43298,28413351,52592888,10688722.19,,11928095,-16349096,10/16/2025 10:05
666.81,425253,470094,2745921,369040,238292,42862,140577,97715,-44841,31784535.5,48812276,10528259.81,14480507.03,13252702,-15421228,10/16/2025 10:06
666.35,436026,482773,2264378,329788,238292,42862,140577,97715,-46747,28873049,58577662.5,10955480.51,15274332.92,12394396,-17352207,10/16/2025 10:07
666.25,446588,500188,2187734,317185,238292,42862,140577,97715,-53600,28973332,61157077.5,11231334.25,15601721.9,12448932,-18125906,10/16/2025 10:08
666.2,452999,506618,2157094,313562,238292,42862,140577,97715,-53619,28730864.5,64143643.5,11395104.13,15996793.34,12582185,-18655008,10/16/2025 10:09
666.395,457538,514736,2302080,329109,238292,42862,140577,97715,-57198,30880908.5,60983625.5,11486162.49,16044749.34,13123079,-18261476,10/16/2025 10:10
665.79,473384,542110,1652092,252095,238292,42862,140577,97715,-68726,27718840,76180036.5,12272056.2,17035748.9,12102355,-21517020,10/16/2025 10:11
665.53,489067,575392,1407825,253294,238292,42862,140577,97715,-86325,26383345,87394174,12655012.99,18312282.44,11784141,-23611607,10/16/2025 10:12
665.84,500009,592965,1668950,262493,238292,42862,140577,97715,-92956,30737129.5,78653920.5,13006697.15,,12978569,-23126397,10/16/2025 10:13
665.905,508289,605698,1769296,271192,238292,42862,140577,97715,-97409,30196098.5,82056623,12816413.66,18892727.04,13233230,-23489979,10/16/2025 10:14
666.14,523604,620016,1997485,291745,238292,42862,140577,97715,-96412,33884200.5,80804204,13205062.31,19651655.77,14353098,-23103221,10/16/2025 10:15
666.55,545326,640316,2507774,347824,238292,42862,140577,97715,-94990,41472027,73658608,13787253.2,,16656845,-21947335,10/16/2025 10:16
666.66,559813,655783,2593230,334889,238292,42862,140577,97715,-95970,44382608,73255478.5,14227206.69,20579542.37,17510969,-22085375,10/16/2025 10:17
666.895,575873,666804,2859246,358979,238292,42862,140577,97715,-90931,47482133.5,68051694,14284140.23,20664294.27,18595032,-21314247,10/16/2025 10:19
666.64,586726,674602,2570588,351554,238292,42862,140577,97715,-87876,45581476,74083811.5,14771371.57,20905053.51,17963791,-22567415,10/16/2025 10:20
666.84,592742,681435,2794072,365548,238292,42862,140577,97715,-88693,47986918,71622012.5,14653816.06,21274358.07,19012540,-22136001,10/16/2025 10:21
667.14,604612,691251,3128022,390056,238292,42862,140577,97715,-86639,53962531.5,65383079,14873357.59,21376382.59,20634220,-20899672,10/16/2025 10:22
667.305,632145,705398,3325457,384275,238292,42862,140577,97715,-73253,59529503.5,62307541.5,15559176.23,21533592.88,22285731,-20642080,10/16/2025 10:23
667.34,657719,716728,3363433,386578,238292,42862,140577,97715,-59009,60710718,64438700,15872493.29,22170139.07,23096907,-20978538,10/16/2025 10:24
667,672046,725531,3009083,410620,238292,42862,140577,97715,-53485,56404814,73277785.5,,22803503.43,22049670,-22610062,10/16/2025 10:25
667.27,683947,731465,3245217,383470,238292,42862,140577,97715,-47518,63159105.5,65955558.5,16837776.59,22536448.52,23657457,-21508143,10/16/2025 10:26
666.44,696470,744030,2369042,340698,238292,42862,140577,97715,-47560,51140259,90276776.5,17598232.96,23818290.32,20338566,-25977267,10/16/2025 10:27
666.65,712181,754306,2564892,344351,238292,42862,140577,97715,-42125,57029097.5,82898392.5,18198705.07,,21697670,-25229713,10/16/2025 10:28
666.62,726113,763359,2536999,348601,238292,42862,140577,97715,-37246,54983566.5,84779537.5,18067898.18,23737326.3,21725134,-25715783,10/16/2025 10:29
667.06,732930,768204,3081257,405220,238292,42862,140577,97715,-35274,60683615.5,74681647,,23719251.1,24091052,-23728860,10/16/2025 10:30
666.92,739602,773920,2856416,363863,238292,42862,140577,97715,-34318,60931430.5,76840852,18227492.67,23595362.17,23533364,-24412843,10/16/2025 10:31
667.2751,746494,777909,3253379,387218,238292,42862,140577,97715,-31415,65985695.5,69654983,17862705.44,23784655.46,25352745,-22888614,10/16/2025 10:32
667.2201,753984,783512,3208783,375771,238292,42862,140577,97715,-29528,66282527.5,70976385,18124977.07,23907231.24,25440762,-23197014,10/16/2025 10:33
667.08,759032,787821,3034380,396477,238292,42862,140577,97715,-28789,64236948,74170786.5,18314321.31,24149842.7,24986936,-24003214,10/16/2025 10:34
667.26,765164,794884,3194850,387851,238292,42862,140577,97715,-29720,69398230.5,70880491.5,18609184.97,,26079783,-23474116,10/16/2025 10:35
667.58,797187,753189,3449952,480831,233737,95997,164867,68870,43998,75821945,65470609,18895576.22,22459151.59,28176548,-21843050,10/16/2025 10:36
667.5401,790745,761438,3388488,432065,206713,69141,137927,68786,29307,76431546,66514190,19003451.34,22470289.1,28459189,-22426563,10/16/2025 10:37
667.74,836720,769857,3642246,490759,233737,95997,164867,68870,66863,82863137.5,64356531,19711059.08,,30878946,-21655389,10/16/2025 10:38
667.565,848738,774241,3439752,475468,233737,95997,164867,68870,74497,81026888.5,67469234,20339248.49,,30130241,-22553103,10/16/2025 10:39
667.6,856314,779554,3403750,473915,233737,95997,164867,68870,76760,82110598.5,67869200,20526918.44,23212672.4,30407406,-22874458,10/16/2025 10:40
667.72,867907,784680,3595717,485550,233737,95997,164867,68870,83227,85832407.5,64651448,20566091.97,23283097,31698559,-22143821,10/16/2025 10:41
668.45,905411,802957,4372049,556020,233737,95997,164867,68870,102454,112467206.5,51805380.5,21450377.37,,37982310,-19101690,10/16/2025 10:42
668.56,932822,815756,4478887,558268,233737,95997,164867,68870,117066,117681617,50925296.5,21756693.95,,39735924,-19016525,10/16/2025 10:43
668.62,954424,824987,4553627,553321,233737,95997,164867,68870,129437,120716060,51104367,21962907.27,24660738.18,40725014,-18913767,10/16/2025 10:44
668.51,967546,832729,4419533,558033,233737,95997,164867,68870,134817,119056254.5,53574087,22447598.06,,40451380,-19731360,10/16/2025 10:45
668.265,982111,840588,4187485,533453,233737,95997,164867,68870,141523,110832907,60200335.5,22525620.62,,39337145,-21356425,10/16/2025 10:46
667.81,998176,854455,3574059,496026,233737,95997,164867,68870,143721,103233186.5,68345876,24109484.77,,36195060,-23947127,10/16/2025 10:47
667.73,1010204,866289,3515895,474157,233737,95997,164867,68870,143915,99124727.5,72493667,23833069.83,25903556.62,36020873,-24823902,10/16/2025 10:48
667.76,1017015,874395,3566636,487285,233737,95997,164867,68870,142620,101081984,72208174.5,24066648.16,,36568204,-24952069,10/16/2025 10:49
667.44,999332,940226,3378271,392631,238292,42862,140577,97715,59106,94042449,81134260,24089008.56,29280700.3,34844344,-27095586,10/16/2025 10:50
667.36,1013898,959346,3261274,394014,238292,42862,140577,97715,54552,90994063.5,85221594,24110407.14,29902790.69,34429629,-28119338,10/16/2025 10:51
667.14,1026628,970905,3058625,400137,238292,42862,140577,97715,55723,86400644,93215376.5,24627575.13,,33274201,-29640621,10/16/2025 10:52
667.36,1033603,977768,3319069,427993,238292,42862,140577,97715,55835,90793421.5,85712410.5,24214818.39,30093201.18,34938990,-28509643,10/16/2025 10:53
667.62,1064789,918538,3489730,473992,233737,95997,164867,68870,146251,98433296,76437915,24667058.82,26726088.76,37113843,-26516966,10/16/2025 10:54
667.88,1077218,924012,3765682,488057,233737,95997,164867,68870,153206,107224886.5,71686875,24850763.04,27124690.46,39359632,-25207734,10/16/2025 10:55
667.45,1064975,998201,3407413,434744,238292,42862,140577,97715,66774,96248043,85120163.5,25084557.64,30868519.09,36454649,-28631150,10/16/2025 10:56
667.255,1073163,1010200,3188922,389472,238292,42862,140577,97715,62963,92214584,90926251.5,25704882.12,31034114.6,35310716,-30103561,10/16/2025 10:57
667.195,1081357,1025922,3102100,384100,238292,42862,140577,97715,55435,90563579,94482591,25714360.37,31721084.06,34758483,-31120562,10/16/2025 10:58
667.11,1084903,1032048,3048127,390631,238292,42862,140577,97715,52855,88037771,97115390.5,25684069.96,31973918.89,34339073,-31665937,10/16/2025 10:59
667.3,1093962,1036726,3206941,400387,238292,42862,140577,97715,57236,93604110.5,89951022.5,25780745.42,31581315.53,35965411,-30627690,10/16/2025 11:00
667.31,1100667,1040531,3265334,423559,238292,42862,140577,97715,60136,94315379.5,92125504.5,25691774.81,32363313.94,36222118,-30622180,10/16/2025 11:01
667.24,1103414,1043781,3157808,408440,238292,42862,140577,97715,59633,92749806,93444724,26006608.68,32181584.86,35859100,-31138290,10/16/2025 11:02
667.55,1135770,975253,3375740,463419,233737,95997,164867,68870,160517,102335011.5,83777128.5,26459252.05,28713761.06,38541234,-28980952,10/16/2025 11:03
667.17,1114778,1055793,3080165,388979,238292,42862,140577,97715,58985,92392362,98607806,26639099.68,33025046.37,35700324,-32171543,10/16/2025 11:04
666.94,1120991,1065727,2767899,378531,238292,42862,140577,97715,55264,90054622.5,104213257.5,27703951.73,,34257653,-33833879,10/16/2025 11:06
667.32,1136936,1086328,3199686,417338,238292,42862,140577,97715,50608,97198625,96173035.5,26564047.8,33783557.67,37181214,-32214247,10/16/2025 11:07
667.635,1178110,1014899,3425055,473226,233737,95997,164867,68870,163211,108636373.5,87413749.5,27443650.79,30363590.81,40256992,-29887999,10/16/2025 11:08
667.78,1186278,1020962,3592396,474623,233737,95997,164867,68870,165316,114686019.5,82920360,27623421.11,30375050.13,41859740,-28847781,10/16/2025 11:09
667.79,1194455,1025676,3586835,465340,233737,95997,164867,68870,168779,117002557.5,82099270,28091685.88,,42358202,-29008800,10/16/2025 11:10
667.615,1202611,1029176,3374521,469146,233737,95997,164867,68870,173435,110718460,90255913.5,28260624.91,,40800471,-30819056,10/16/2025 11:11
667.925,1213332,1034858,3710416,511816,233737,95997,164867,68870,178474,122312519,79988999,28368267.49,,43918404,-28656939,10/16/2025 11:12
667.84,1219411,1041111,3665227,484908,233737,95997,164867,68870,178300,120355226,81953623,28595550.46,30861071.68,43608153,-29039936,10/16/2025 11:13
667.95,1225149,1043393,3805301,528165,233737,95997,164867,68870,181756,122178680,80066524.5,28072340.18,31167906.41,44889236,-28550539,10/16/2025 11:14
667.7392,1229533,1046476,3521201,469063,233737,95997,164867,68870,183057,115908504,84474434.5,28672490.13,,43056287,-30015966,10/16/2025 11:15
667.5065,1213532,1050370,3276806,449008,206713,69141,137927,68786,163162,106340840.5,94086060,28126869.44,31441731.39,40756824,-31917833,10/16/2025 11:16
667.53,1246991,1055330,3310050,473004,233737,95997,164867,68870,191661,108722004.5,92838000,28960625.5,,41158103,-32038691,10/16/2025 11:17
667.7,1250410,1058374,3431154,468037,233737,95997,164867,68870,192036,115563435.5,85272351.5,29068595.95,,42606711,-30593774,10/16/2025 11:18
667.85,1255088,1062284,3666918,495484,233737,95997,164867,68870,192804,120109057,81896704.5,28792365.28,31289286.08,44667071,-29572939,10/16/2025 11:19
667.92,1263188,1065395,3711519,513613,233737,95997,164867,68870,197793,123533934.5,80015656.5,29022594.14,,45051854,-29256219,10/16/2025 11:20
667.785,1267576,1074375,3570382,476147,233737,95997,164867,68870,193201,119483962.5,85009612.5,29345308.62,,44198690,-30645989,10/16/2025 11:21
667.53,1276023,1080963,3296489,479252,233737,95997,164867,68870,195060,108819167,95723971,29384050.91,,41865492,-32888781,10/16/2025 11:22
667.565,1280764,1084848,3306711,470135,233737,95997,164867,68870,195916,112137956.5,92251391.5,29891377.53,,42436347,-32389027,10/16/2025 11:23
667.09,1263102,1174361,2956104,390161,238292,42862,140577,97715,88741,97011535,110942557,29941948.62,36806062.3,38435355,-36866985,10/16/2025 11:24
666.82,1276986,1185423,2628645,375186,238292,42862,140577,97715,91563,90254273.5,119909332,30684809.36,36755765.51,36270931,-39216099,10/16/2025 11:25
666.57,1290885,1207895,2407931,330767,238292,42862,140577,97715,82990,83913047,134015644,31200096.58,37886298.72,34646750,-42116877,10/16/2025 11:26
666.27,1303946,1225207,2080502,308233,238292,42862,140577,97715,78739,77627133.5,147062847.5,32006958.18,,32290885,-45128794,10/16/2025 11:27
665.8,1323445,1254209,1572580,271044,238292,42862,140577,97715,69236,68334955,182156625.5,32983094.35,41057399.13,29179922,-50624049,10/16/2025 11:28
665.63,1336715,1276037,1442979,246820,238292,42862,140577,97715,60678,67695261.5,188675631,34059017.94,40934516.79,28937619,-52479941,10/16/2025 11:29
665.65,1348898,1299084,1400210,242037,238292,42862,140577,97715,49814,70617842.5,187752132.5,34737140.92,,29484130,-53599443,10/16/2025 11:30
665.33,1368088,1340035,1108965,244234,238292,42862,140577,97715,28053,64606294.5,235583421,,46594926.7,27657432,-58385582,10/16/2025 11:31
665.66,1382590,1361445,1459317,265072,238292,42862,140577,97715,21145,73432438,197748960,35497226.4,,30542227,-55527437,10/16/2025 11:32
665.73,1400690,1374232,1480021,253988,238292,42862,140577,97715,26458,75260397,197328510.5,35920055.78,43964255.06,31097553,-55580958,10/16/2025 11:33
666.47,1411572,1384142,2371230,365739,238292,42862,140577,97715,27430,90230872.5,162929091.5,,44935164.6,37142454,-48581310,10/16/2025 11:34
666.14,1431376,1394517,1978723,274157,238292,42862,140577,97715,36859,87789646,173950506.5,35852789.38,44132273.55,35425961,-51850276,10/16/2025 11:35
666.24,1439919,1402561,2032463,318762,238292,42862,140577,97715,37358,90103367.5,171548255.5,35878320.01,44617311.66,36275046,-51529511,10/16/2025 11:36
666.32,1446695,1409434,2096520,318253,238292,42862,140577,97715,37261,92088380.5,164123746,35909843.87,,36827979,-50925878,10/16/2025 11:37
666.59,1460972,1417862,2423231,332416,238292,42862,140577,97715,43110,102628334.5,151100038.5,35792030.9,,40161043,-48361545,10/16/2025 11:38
666.52,1469975,1423884,2338386,334231,238292,42862,140577,97715,46091,100390996.5,155827071.5,36057640.29,,39469148,-49515343,10/16/2025 11:39
665.84,1476531,1435075,1649766,292971,238292,42862,140577,97715,41456,84898618.5,196820524.5,38050029.41,46276387.07,34430921,-56579979,10/16/2025 11:40
665.32,1495480,1458314,1135268,238591,238292,42862,140577,97715,37166,74318593.5,244041789.5,,49992909.7,30926301,-62447333,10/16/2025 11:41
665.18,1507463,1474125,895750,214453,238292,42862,140577,97715,33338,75686000,247384273.5,41433220.96,,30400768,-65761151,10/16/2025 11:42
664.89,1517739,1497914,688871,194004,238292,42862,140577,97715,19825,69448580,267201552,41608449.41,,28871400,-68502739,10/16/2025 11:43
665.16,1527229,1511272,952017,213951,238292,42862,140577,97715,15957,76480562,248201945.5,41586123.87,,30931126,-66106276,10/16/2025 11:44
664.515,1541631,1539811,314046,176835,238292,42862,140577,97715,1820,67382830,303640576,44158581.68,,27596249,-74292555,10/16/2025 11:45
664.5,1552532,1559734,316098,175708,238292,42862,140577,97715,-7202,65920943.5,306748933.5,44038143.05,,27321277,-75373795,10/16/2025 11:46
664.94,1560421,1573914,837502,216154,238292,42862,140577,97715,-13493,70009100.5,289036370.5,,55637230.96,29932683,-70076384,10/16/2025 11:47
665.0599,1568533,1583991,924544,240511,238292,42862,140577,97715,-15458,72783332,277380803.5,,54654484.11,30794977,-69624991,10/16/2025 11:48
664.52,1579070,1600658,342751,174783,238292,42862,140577,97715,-21588,66750179,310219015,44471729.87,,27975898,-76836406,10/16/2025 11:49
665.13,1592008,1613736,947453,217021,238292,42862,140577,97715,-21728,81464246.5,262566089,43727637.4,,32612705,-70594729,10/16/2025 11:50
665.2399,1604897,1624953,1083829,223129,238292,42862,140577,97715,-20056,84042465.5,257905505,43634662.11,,33610884,-69632241,10/16/2025 11:52
665.117,1610337,1630496,951248,221910,238292,42862,140577,97715,-20159,81484477,268038970.5,44141854.2,,33058411,-71359988,10/16/2025 11:53
664.8144,1617255,1639987,674837,191101,238292,42862,140577,97715,-22732,75215569,290550468.5,44819451.72,54968734.16,31148786,-74582869,10/16/2025 11:54
664.745,1622423,1647279,573416,201697,238292,42862,140577,97715,-24856,73249557.5,294589149.5,44938737.04,,30270931,-76067816,10/16/2025 11:55
664.68,1627733,1653978,528031,196191,238292,42862,140577,97715,-26245,71535248.5,301180345,45133873.97,,29921437,-76537351,10/16/2025 11:56
664.19,1637641,1667880,62081,156224,238292,42862,140577,97715,-30239,64576839,348873395.5,47321799.02,,27315092,-82863913,10/16/2025 11:57
664.585,1648728,1687380,392442,184523,238292,42862,140577,97715,-38652,69632619.5,313779112.5,45824441.19,56634548,29129044,-79296998,10/16/2025 11:58
664.18,1656657,1702266,18475,150960,238292,42862,140577,97715,-45609,63765251,341489536,47400547.54,,27149010,-84651914,10/16/2025 11:59
664.52,1663097,1709967,381478,190299,238292,42862,140577,97715,-46870,69564766,315939225,46317326.26,56492627.33,29582304,-80642786,10/16/2025 12:00
664.1,1672515,1722903,-50461,135575,238292,42862,140577,97715,-50388,64006185,351594808.5,48022595.37,,27132073,-85964929,10/16/2025 12:01
664.11,1682085,1736771,-51394,131697,238292,42862,140577,97715,-54686,63901933.5,352951923,48147853.91,,26873563,-86894405,10/16/2025 12:02
664.26,1693484,1746833,144627,153714,238292,42862,140577,97715,-53349,63167761,355858361.5,,61183172.58,27641603,-84272105,10/16/2025 12:03
663.81,1698156,1757990,-333317,113497,238292,42862,140577,97715,-59834,60258514,379572585.5,49526924.97,,25665544,-90885945,10/16/2025 12:04
664.73,1710208,1773726,599383,205929,238292,42862,140577,97715,-63518,76715637.5,307923903.5,46726023.47,,32012063,-79995953,10/16/2025 12:05
664.57,1717449,1784733,468096,192534,238292,42862,140577,97715,-67284,73648180.5,332397802.5,,62307271.6,31123559,-81574558,10/16/2025 12:06
664.56,1734934,1794672,451429,188588,238292,42862,140577,97715,-59738,80794701.5,322548706,49753071.47,,32473769,-83011525,10/16/2025 12:07
664.66,1740589,1799861,498753,198326,238292,42862,140577,97715,-59272,82374336.5,312588884,49642973.93,,33146494,-82535759,10/16/2025 12:08
664.72,1744681,1805534,607486,205326,238292,42862,140577,97715,-60853,83584763,307848854,49227890.34,,33730536,-81101807,10/16/2025 12:09
664.48,1750821,1809691,386390,197711,238292,42862,140577,97715,-58870,78810571,329392093,50173179.52,,32355886,-84248588,10/16/2025 12:10
664.23,1755053,1815999,129681,165278,238292,42862,140577,97715,-60946,75136812.5,346066763.5,51549825.25,,30588835,-88345428,10/16/2025 12:11
664.94,1764566,1823638,920949,226111,238292,42862,140577,97715,-59072,90693755,292313737,49485765.75,,36623784,-78742753,10/16/2025 12:12
664.76,1772550,1829343,728628,205926,238292,42862,140577,97715,-56793,85961249,308810485,50214445.07,,35212752,-81258326,10/16/2025 12:13
664.48,1780506,1836663,447444,193281,238292,42862,140577,97715,-56157,80130583,328968908,51046071.8,,32886208,-84693398,10/16/2025 12:14
665.08,1784451,1841956,1033966,235289,238292,42862,140577,97715,-57505,93315134.5,276761617.5,49057899.99,60149387.29,37735109,-77258263,10/16/2025 12:15
664.75,1788165,1848160,713085,215568,238292,42862,140577,97715,-59995,84718439,309290270.5,,61796691.77,35024682,-81967361,10/16/2025 12:16
664.1,1796786,1858675,6084,152916,238292,42862,140577,97715,-61889,73725241.5,357965335.5,53121533.02,,30514117,-91599647,10/16/2025 12:17
663.835,1804729,1866683,-216152,136905,238292,42862,140577,97715,-61954,67663013.5,390334342.5,53938297.12,,29161512,-94960172,10/16/2025 12:18
663.2,1819757,1892691,-841975,74733,238292,42862,140577,97715,-72934,56962780.5,463853719.5,55993376.16,,24804639,-103766411,10/16/2025 12:19
663.24,1836122,1913966,-784660,93079,238292,42862,140577,97715,-77844,57906488.5,465103374.5,56025654.45,67218388.28,25080973,-103558410,10/16/2025 12:20
663.75,1847127,1927249,-295158,138387,238292,42862,140577,97715,-80122,67401478,404341364,54367786.26,64738729.53,28894042,-98115308,10/16/2025 12:21
663.445,1860032,1935494,-635144,118574,238292,42862,140577,97715,-75462,63552263,432163084,56422541.18,,27087794,-103408395,10/16/2025 12:22
663.385,1864791,1940822,-721580,117125,238292,42862,140577,97715,-76031,64119611.5,430427050.5,57185539.02,,26890961,-104611991,10/16/2025 12:23
663.52,1870545,1946076,-539875,127089,238292,42862,140577,97715,-75531,63046846,427240825,55549477.37,,27319505,-102120051,10/16/2025 12:24
662.95,1880266,1957075,-1095938,74389,238292,42862,140577,97715,-76809,55581156,492881096,58222834.27,,23982418,-109757028,10/16/2025 12:26
662.63,1430307,1972268,-1035358,-5556,179235,-7891,85672,93563,-541961,49810210.5,536797572.5,44274724.43,71435039.06,21564370,-112539889,10/16/2025 12:27
662.76,1910956,1996972,-1243562,27966,238292,42862,140577,97715,-86016,55255783.5,522848149,60236312.83,69790892.18,23593513,-113749569,10/16/2025 12:28
662.5571,1442347,1999287,-1080465,-7185,179235,-7891,85672,93563,-556940,51055066.5,546060166,45707275.24,71834800.06,21827043,-114898136,10/16/2025 12:29
661.58,1454276,2106816,-1996200,-91530,199993,-26667,86663,113330,-652540,44347110.5,641988873.5,50006867.34,,18249269,-132234330,10/16/2025 12:30
661.29,1481156,2143512,-2234799,-100236,199993,-26667,86663,113330,-662356,43768371,694727195,,,18151432,-136112805,10/16/2025 12:31
660.81,1495474,2167681,-2661262,-123356,199993,-26667,86663,113330,-672207,40564518.5,788784861,53845243.56,,16484491,-141968251,10/16/2025 12:32
659.865,1514289,2199862,-3387435,-175681,199993,-26667,86663,113330,-685573,38118037.5,929859730,59163487.41,,14888104,-153269771,10/16/2025 12:33
660.27,1529784,2225245,-2983894,-148266,199993,-26667,86663,113330,-695461,41916800,899311531,58268757.85,92686050.98,16323316,-145928498,10/16/2025 12:34
660.85,1542920,2243159,-2555417,-127258,199993,-26667,86663,113330,-700239,47889157,859966703.5,,100768820.2,18493685,-138353724,10/16/2025 12:35
660.49,1560089,2257909,-2875409,-133239,199993,-26667,86663,113330,-697820,50586557.5,856878421,59935883.73,,18339046,-147657405,10/16/2025 12:36
660.76,1574267,2266382,-2619433,-129289,199993,-26667,86663,113330,-692115,52642279.5,813798294,58959497.83,,19503658,-144658428,10/16/2025 12:37
660.95,1588118,2279018,-2413157,-118553,199993,-26667,86663,113330,-690900,53733448.5,818999555,,97623283.91,20052869,-138658901,10/16/2025 12:38
660.55,1596102,2284703,-2738273,-138861,199993,-26667,86663,113330,-688601,51187065.5,874363356,60446697.43,97290684.68,19107573,-144282419,10/16/2025 12:39
659.93,1613156,2294114,-3272480,-154061,199993,-26667,86663,113330,-680958,48906785.5,962644595.5,64490031.15,,17573739,-152469267,10/16/2025 12:40
661.5,1625989,2306391,-1924644,-93438,199993,-26667,86663,113330,-680402,67840528,736140216,,95862626.2,24447015,-133616527,10/16/2025 12:41
660.74,1646329,2318452,-2647922,-122762,199993,-26667,86663,113330,-672123,62056419,824066521.5,63331627.12,,21399626,-146716631,10/16/2025 12:42
661.0975,1650810,2323588,-2276815,-98744,199993,-26667,86663,113330,-672778,65323517,794921622.5,61708089.71,97861080.12,23170180,-138844464,10/16/2025 12:43
660.61,1657584,2329770,-2633756,-116358,199993,-26667,86663,113330,-672186,61006376,873446996.5,64676504.87,101270443.5,21699656,-144415885,10/16/2025 12:44
660.24,1665630,2338336,-2942943,-153045,199993,-26667,86663,113330,-672706,57269384.5,920288063.5,66629459.54,99425833.71,20715135,-150194387,10/16/2025 12:45
659.94,1675154,2353495,-3284737,-153494,199993,-26667,86663,113330,-678341,57204761.5,935114525.5,68595335.37,,19437907,-159989742,10/16/2025 12:46
660.72,1689656,2371200,-2583850,-138784,199993,-26667,86663,113330,-681544,64770909,853637054.5,,101117904,22634481,-145545986,10/16/2025 12:47
660.2,1699535,2383437,-2983543,-156898,199993,-26667,86663,113330,-683902,59461140,931354697.5,67917466.58,102077695.5,20845166,-152036531,10/16/2025 12:48
660.92,1707033,2392944,-2483834,-109281,199993,-26667,86663,113330,-685911,70285461.5,805135708,,,24136290,-146808445,10/16/2025 12:50
661.95,1726455,2406376,-1548356,-43152,199993,-26667,86663,113330,-679921,87293517,667473416.5,,96342843.59,30183192,-132487062,10/16/2025 12:51
661.2,1740816,2414248,-2227286,-102880,199993,-26667,86663,113330,-673432,75785878,767908317.5,65176101.33,96862302.82,25788553,-142798433,10/16/2025 12:52
661.26,1750792,2423071,-2116461,-101583,199993,-26667,86663,113330,-672279,78275703.5,771360052,65973948.83,100887649.8,27083775,-140768646,10/16/2025 12:53
661.86,1758679,2426923,-1644064,-53165,199993,-26667,86663,113330,-668244,91768698,679094640,,97729502.85,30545848,-134013635,10/16/2025 12:54
661.67,1769133,2433299,-1782675,-62792,199993,-26667,86663,113330,-664166,89650660.5,705434087.5,65934407.25,99452915.05,30080504,-136464264,10/16/2025 12:55
662.4,1784385,2442454,-1157433,-32297,199993,-26667,86663,113330,-658069,106475275,595144875.5,63738447.86,94282831.57,35369819,-127777845,10/16/2025 12:56
662.63,2309790,2349846,-1330224,21669,238292,42862,140577,97715,-40056,111544913.5,574342790,80141956.77,89035135.77,37463519,-125328593,10/16/2025 12:57
662.98,2324458,2355588,-984307,60408,238292,42862,140577,97715,-31130,119607793.5,534593201.5,78529952.77,89475748.11,40176193,-120044557,10/16/2025 12:58
663.28,2342165,2362568,-709070,119416,238292,42862,140577,97715,-20403,133336197.5,490860102.5,78938436.23,87396407.86,43830208,-116305993,10/16/2025 12:59
663.52,2361462,2371134,-473237,136265,238292,42862,140577,97715,-9672,143411696.5,466513905.5,78558776.32,88236089.89,47025083,-112558813,10/16/2025 13:00
662.72,2380480,2381656,-1192903,48944,238292,42862,140577,97715,-1176,113656425,576877497.5,,94220623.43,39162027,-123371527,10/16/2025 13:01
662.01,1873302,2499975,-1614860,-38488,199993,-26667,86663,113330,-626673,97181018.5,634178139,65761449.45,,32930113,-137463032,10/16/2025 13:02
662.05,1884175,2510493,-1500511,-43114,199993,-26667,86663,113330,-626318,97311537,635628542,65363203.98,95260218.27,33465958,-135428892,10/16/2025 13:03
662.19,1891232,2522060,-1415557,-48181,199993,-26667,86663,113330,-630828,101335578.5,609596436.5,,93381836.26,34716107,-135483137,10/16/2025 13:04
661.78,1898471,2527762,-1842075,-48822,199993,-26667,86663,113330,-629291,95624081,653426644,68126046.3,,32352027,-144481903,10/16/2025 13:05
661.68,1905379,2536881,-1934779,-51632,199993,-26667,86663,113330,-631502,90927546,687534669.5,68008040.87,,31406503,-144057609,10/16/2025 13:06
662.3901,1911224,2544124,-1153099,-6883,199993,-26667,86663,113330,-632900,100083008.5,637659267.5,,109284805.9,35830557,-127754725,10/16/2025 13:07
662.27,1927145,2554183,-1328678,-19787,199993,-26667,86663,113330,-627038,106093395,614769655.5,66544743.48,99140047.07,36292897,-133558800,10/16/2025 13:08
662.605,2468318,2450152,-1329241,49933,238292,42862,140577,97715,18166,120937615.5,584699316.5,86657888.48,94897864.01,41141098,-129043083,10/16/2025 13:09
662.41,1949288,2564100,-1143422,-5285,199993,-26667,86663,113330,-614812,110513406.5,610150419,,103623640.1,38360936,-130243499,10/16/2025 13:10
663.105,2480701,2459843,-847907,73650,238292,42862,140577,97715,20858,133539007.5,515723444.5,83525682.6,92934965.24,45937368,-121660368,10/16/2025 13:11
662.93,2495517,2470020,-1085844,51180,238292,42862,140577,97715,25497,130758537.5,527054408.5,85459819.29,,44237504,-126155717,10/16/2025 13:12
663.03,2502324,2473977,-973739,70986,238292,42862,140577,97715,28347,133710296,515140894.5,85322769.16,,45312272,-124285874,10/16/2025 13:13
662.77,2508149,2477580,-1188717,37362,238292,42862,140577,97715,30569,122773614.5,549136369.5,85785053.81,,42776830,-128139329,10/16/2025 13:14
662.7,2516975,2482954,-1317481,54552,238292,42862,140577,97715,34021,123102807.5,550040598,86946924.82,,41864318,-130528792,10/16/2025 13:15
663.01,2520128,2485507,-986303,64924,238292,42862,140577,97715,34621,128781735.5,514813095.5,84018620.9,90987639.67,44932069,-124610193,10/16/2025 13:16
663.58,2528521,2489722,-388166,148608,238292,42862,140577,97715,38799,145488381,448224028.5,,91198345.05,50643151,-114028383,10/16/2025 13:17
664.24,2541350,2497640,277599,162859,238292,42862,140577,97715,43710,179037504,369329987.5,,89004954.71,59755688,-102969354,10/16/2025 13:18
663.61,2562517,2507194,-337949,135164,238292,42862,140577,97715,55323,146185923.5,442090404,,,51791798,-113904428,10/16/2025 13:19
663.1613,2569470,2512903,-829792,77207,238292,42862,140577,97715,56567,138151676,487679198,85604297.98,,47727879,-123399001,10/16/2025 13:20
662.45,2052057,2638001,-1135105,-13332,199993,-26667,86663,113330,-585944,111209853.5,580829692,68628062.58,99838894.87,39773297,-134224606,10/16/2025 13:21
662.44,2059434,2645264,-1153786,-15344,199993,-26667,86663,113330,-585830,110450112,573250422,69195301.36,97448705.19,39611417,-135303816,10/16/2025 13:23
662.635,2594264,2535366,-1398607,36421,238292,42862,140577,97715,58898,118037805.5,547092337.5,87661042.53,,42207996,-134534521,10/16/2025 13:24
662.88,2601021,2539106,-1151412,73911,238292,42862,140577,97715,61915,122988645,524163125,85585222.03,91530107.25,43891054,-128793321,10/16/2025 13:25
662.67,2604709,2541154,-1316160,58086,238292,42862,140577,97715,63555,116942000.5,548004290.5,87337837.95,,42728009,-132566455,10/16/2025 13:26
662.96,2608220,2544332,-1034460,73326,238292,42862,140577,97715,63888,122840806.5,514279859.5,,92276766.52,44872410,-127176302,10/16/2025 13:27
663.46,2617498,2548548,-668121,139286,238292,42862,140577,97715,68950,149937229.5,427552939.5,85364303.62,,51377044,-121751046,10/16/2025 13:28
663.33,2625710,2554632,-719337,114162,238292,42862,140577,97715,71078,139468435,457900011,84927464.17,,49717841,-121714614,10/16/2025 13:29
663.44,2628242,2557945,-584716,118963,238292,42862,140577,97715,70297,142456881,440893750.5,84013056.68,88990434.86,51137193,-119986503,10/16/2025 13:30
663.57,2641502,2565577,-444759,136029,238292,42862,140577,97715,75925,147417866,424650125,83610196.93,,52852200,-117658815,10/16/2025 13:31
663.07,2650089,2572084,-950849,73103,238292,42862,140577,97715,78005,129261995.5,494374161,86896877.54,,47425701,-126977185,10/16/2025 13:32
663.42,2656380,2577344,-619348,114129,238292,42862,140577,97715,79036,143384980,444128290.5,85440190.82,,51394692,-120900551,10/16/2025 13:33
663.52,2659580,2579660,-544297,133179,238292,42862,140577,97715,79920,146502994.5,427154105,84918550.22,,52665121,-119761190,10/16/2025 13:34
663.28,2662731,2583390,-784005,119318,238292,42862,140577,97715,79341,135308990,459718116.5,86014897.14,,49732536,-124477633,10/16/2025 13:35
663.37,2665193,2586734,-669583,117404,238292,42862,140577,97715,78459,139019328.5,447418815.5,85964669.77,90427880.69,51106214,-122313082,10/16/2025 13:36
663.42,2666751,2588140,-640810,133084,238292,42862,140577,97715,78611,141042299.5,434420967,85922763.18,,51421862,-122117924,10/16/2025 13:37
663.5,2669421,2589710,-527079,142043,238292,42862,140577,97715,79711,138863982,430802872.5,,90806061.98,51823514,-119545674,10/16/2025 13:38
663.29,2672316,2594093,-799864,116833,238292,42862,140577,97715,78223,131378372,446723650.5,85481759.42,,48528796,-124762854,10/16/2025 13:39
662.39,2149276,2726029,-1276996,-46583,199993,-26667,86663,113330,-576753,99174189.5,576863302,,102970074.8,38360849,-139141456,10/16/2025 13:40
661.94,2164862,2740719,-1786867,-56690,199993,-26667,86663,113330,-575857,88949271.5,627080050.5,72249047.14,,34540450,-150421999,10/16/2025 13:41
662.035,2174188,2752902,-1651905,-57172,199993,-26667,86663,113330,-578714,89956518,614925916,,,35550170,-148558738,10/16/2025 13:42
661.5501,2181851,2764465,-2171567,-80111,199993,-26667,86663,113330,-582614,79008667.5,688319196,73603455.64,,31538881,-159234415,10/16/2025 13:43
661.86,2189895,2778549,-1888029,-68302,199993,-26667,86663,113330,-588654,84764948,640831221,,,33602057,-153586789,10/16/2025 13:44
661.54,2200828,2787164,-2118295,-99474,199993,-26667,86663,113330,-586336,76871097,701065381,73788069.24,105057877.7,31146726,-157345038,10/16/2025 13:45
661.57,2206249,2796056,-2035572,-93124,199993,-26667,86663,113330,-589807,78875052.5,687846903,74075546.76,103918258,32019276,-157184337,10/16/2025 13:47
662.04,2211192,2801491,-1644595,-63305,199993,-26667,86663,113330,-590299,88863610.5,615423467,,102147835.7,36185226,-149986289,10/16/2025 13:48
662.13,2216402,2804862,-1527255,-50526,199993,-26667,86663,113330,-588460,90041111,605459964.5,,104034773.8,36870683,-147303072,10/16/2025 13:49
662.05,2220951,2812263,-1581536,-53344,199993,-26667,86663,113330,-591312,87673390,620037163,,105067460.8,36114078,-148723406,10/16/2025 13:50
661.772,2226360,2821660,-1894927,-74760,199993,-26667,86663,113330,-595300,82760599.5,653442851,,102544360.4,33813565,-155739909,10/16/2025 13:51
661.65,2229681,2828924,-1987735,-89030,199993,-26667,86663,113330,-599243,77835049.5,681091079.5,74404855.44,106513019.6,32358763,-156485908,10/16/2025 13:52
661.7,2232473,2832130,-1980609,-95492,199993,-26667,86663,113330,-599657,78731954.5,667060385.5,,104556427.4,32719877,-157541789,10/16/2025 13:53
661.255,2241080,2843410,-2398672,-117347,199993,-26667,86663,113330,-602330,70243208.5,745543482,,105020491.1,29784691,-166770912,10/16/2025 13:54
661.63,2248268,2851408,-1985206,-109315,199993,-26667,86663,113330,-603140,76179372.5,694907702,,112019860.4,32293590,-156451630,10/16/2025 13:55
661.63,2260380,2858195,-1990987,-92555,199993,-26667,86663,113330,-597815,80678361.5,679993575,77268975.43,106529349,33626425,-158946746,10/16/2025 13:56
661.625,2264947,2862457,-2018094,-95127,199993,-26667,86663,113330,-597510,79390489,682803935,77107281.21,107574991.3,32898766,-158835309,10/16/2025 13:57
661.47,2270996,2866878,-2142926,-110158,199993,-26667,86663,113330,-595882,75154605.5,704580957.5,77722634.25,107295253.6,31950882,-161710613,10/16/2025 13:58
661.55,2273262,2869597,-2116090,-104413,199993,-26667,86663,113330,-596335,75469264,683156589.5,76720865.09,,32041111,-162036995,10/16/2025 13:59
661.77,2277175,2874258,-1931524,-55731,199993,-26667,86663,113330,-597083,80746316.5,639275002,75531478.43,,33667023,-159503831,10/16/2025 14:00
661.27,2282772,2882012,-2340574,-130844,199993,-26667,86663,113330,-599240,68772984,737045052,78700763.68,109068481.3,29667267,-166141738,10/16/2025 14:01
661.2494,2286285,2886557,-2341125,-128312,199993,-26667,86663,113330,-600272,67784511,739705240.5,79033061.01,108972573.2,29587555,-166039871,10/16/2025 14:02
660.8344,2294353,2895612,-2733448,-151420,199993,-26667,86663,113330,-601259,60438682,814140624.5,82283134.61,111041501,26704143,-174434968,10/16/2025 14:03
660.45,2305115,2907553,-3124225,-164279,199993,-26667,86663,113330,-602438,54333148,872110307,83979612.26,,23997129,-183882927,10/16/2025 14:04
660.21,2315316,2923510,-3302286,-203402,199993,-26667,86663,113330,-608194,50927941.5,923556429,86275226.43,,23190707,-187007080,10/16/2025 14:05
660.09,2330082,2943025,-3372538,-219609,199993,-26667,86663,113330,-612943,49340723,959415272.5,87490283.06,119818731.5,22400962,-187447969,10/16/2025 14:06
659.688,2339672,2959597,-3661337,-222391,199993,-26667,86663,113330,-619925,46924282,1058106716,92377045.93,128771166.4,20793337,-192378851,10/16/2025 14:07
659.7,2348653,2973425,-3640544,-222273,199993,-26667,86663,113330,-624772,47486103.5,1057536733,92978763.16,130731024.2,21060188,-192468472,10/16/2025 14:08
659.64,2360667,2982455,-3729830,-218653,199993,-26667,86663,113330,-621788,47815886,1052884717,93856438.96,123835567.8,21202922,-196438597,10/16/2025 14:09
659.53,2368441,2992944,-3815399,-216612,199993,-26667,86663,113330,-624503,47439371,1080467591,95849141.26,,20977624,-197920257,10/16/2025 14:10
659.26,2376816,3007078,-4087649,-253954,199993,-26667,86663,113330,-630262,44786733.5,1129968072,98591186.79,,19814808,-205224522,10/16/2025 14:11
658.21,2393838,3027046,-4883403,-277445,199993,-26667,86663,113330,-633208,38223579.5,1352065904,108469352,,16831022,-223892873,10/16/2025 14:12
658.39,2404353,3042677,-4628968,-273511,199993,-26667,86663,113330,-638324,38900901.5,1349921315,106146530.9,145639269.2,16909804,-213747610,10/16/2025 14:13
658.34,2414165,3067870,-4668187,-269524,199993,-26667,86663,113330,-653705,38933985.5,1358678177,107314698.3,140754952.2,17100480,-217273724,10/16/2025 14:14
657.9999,2426141,3082418,-4894521,-316626,199993,-26667,86663,113330,-656277,37321416,1453571555,111584087.4,150757842.7,16268953,-221243737,10/16/2025 14:15
658.1,2438109,3099055,-4746251,-309919,199993,-26667,86663,113330,-660946,38699213.5,1453957042,111285534.4,164118076.4,16884131,-216265466,10/16/2025 14:16
658.7,2450420,3114126,-4381768,-280620,199993,-26667,86663,113330,-663706,46565513,1295748332,,148051485.6,19568906,-212643559,10/16/2025 14:17
658.56,2464120,3124362,-4585724,-262506,199993,-26667,86663,113330,-660242,46791565,1306863638,110113355.4,,19353279,-220741959,10/16/2025 14:18
657.95,2474813,3139407,-5004870,-289696,199993,-26667,86663,113330,-664594,42389555.5,1454480158,116640344.4,,17919423,-229675945,10/16/2025 14:20
657.99,2483043,3149374,-4833083,-321729,199993,-26667,86663,113330,-666331,43147361.5,1466224213,117043506.7,158410362,18237807,-222977895,10/16/2025 14:21
658.66,2491222,3158394,-4394295,-280473,199993,-26667,86663,113330,-667172,50851725,1303888867,,150030753.6,20828847,-215666545,10/16/2025 14:22
659.12,2506292,3165763,-4064851,-265611,199993,-26667,86663,113330,-659471,56895681,1190725744,108722292.3,143108041.2,23541253,-210220011,10/16/2025 14:23
659.23,2514261,3175133,-4018565,-265409,199993,-26667,86663,113330,-660872,58156888,1171231768,108373113.9,142711543,23988072,-209780252,10/16/2025 14:24
658.76,2527467,3180436,-4474412,-245534,199993,-26667,86663,113330,-652969,55834344,1252224119,114807091.5,,22680413,-224783339,10/16/2025 14:25
658.28,2534804,3188679,-4589765,-281374,199993,-26667,86663,113330,-653875,48084148,1423181716,118875148.7,172385891.7,20566018,-217701252,10/16/2025 14:26
658.175,2542240,3198397,-4764383,-311072,199993,-26667,86663,113330,-656157,48364810,1428184288,121479663.4,,20625521,-225667298,10/16/2025 14:27
657.97,2547175,3202131,-5031068,-296178,199993,-26667,86663,113330,-654956,47484700.5,1443420523,124182251.7,,19962221,-235099764,10/16/2025 14:28
658.04,2552149,3207898,-4866981,-302685,199993,-26667,86663,113330,-655749,47698821.5,1440439814,123958013.8,,20343756,-228151142,10/16/2025 14:29
658.58,2556870,3214240,-4635230,-251187,199993,-26667,86663,113330,-657370,55939791,1299276784,,,22646359,-229855422,10/16/2025 14:30
657.97,2566112,3220468,-4902768,-338651,199993,-26667,86663,113330,-654356,46562425,1467926559,125256350.1,160424358.3,19580819,-228509849,10/16/2025 14:31
657.48,1034903,2630510,-3840306,-367785,156315,-71803,42256,114059,-1595607,38433120,979761947,49960473.77,126515422,15181477,-175789456,10/16/2025 14:32
657.79,2583101,3245340,-4996131,-350730,199993,-26667,86663,113330,-662239,44679481.5,1517451880,,169598181.7,18973956,-230350767,10/16/2025 14:33
657.22,1050212,2653153,-3992462,-369684,156315,-71803,42256,114059,-1602941,36202983,1036192606,51325343.3,134753214.4,14536350,-178492329,10/16/2025 14:34
658.12,2600714,3271908,-4885830,-303813,199993,-26667,86663,113330,-671194,51441706.5,1425211930,,,20793570,-232454001,10/16/2025 14:35
658.69,2612977,3280248,-4505898,-246969,199993,-26667,86663,113330,-667271,61255001.5,1282618613,,,24001864,-226463021,10/16/2025 14:36
658.69,2619022,3285560,-4345320,-292194,199993,-26667,86663,113330,-666538,58625796.5,1314673160,,170517509.9,23652011,-217912645,10/16/2025 14:37
658.89,2625655,3289944,-4217443,-280359,199993,-26667,86663,113330,-664289,62561972.5,1258729214,,163370538.6,25355630,-216773669,10/16/2025 14:38
658.9,2638974,3298028,-4194553,-289418,199993,-26667,86663,113330,-659054,63020271.5,1242707817,,159565083.8,25800514,-217666575,10/16/2025 14:39
658.66,2643376,3302991,-4457313,-267653,199993,-26667,86663,113330,-659615,59309987,1292110328,125797176.4,,24213254,-223707826,10/16/2025 14:40
659.16,2648626,3308012,-3971691,-300322,199993,-26667,86663,113330,-659386,65539685.5,1202421944,,169380784,27335528,-210812154,10/16/2025 14:41
659.13,2654968,3315182,-4017567,-288887,199993,-26667,86663,113330,-660214,66106102.5,1196265591,,162600771.8,26976921,-213168853,10/16/2025 14:43
660.17,2672406,3325885,-3117911,-227381,199993,-26667,86663,113330,-653479,87212086,996371071,,168097321.1,35279913,-191605632,10/16/2025 14:44
660.23,2688633,3332584,-3130419,-209757,199993,-26667,86663,113330,-643951,93822749,966768135,,159374476.9,36706965,-193909220,10/16/2025 14:45
660.295,2705107,3336669,-3108882,-200998,199993,-26667,86663,113330,-631562,97954158,958621387,,158637007.6,37730185,-193765302,10/16/2025 14:46
660.15,2713539,3340994,-3223600,-222458,199993,-26667,86663,113330,-627455,94872013,969329849,,154230897.6,36785579,-197617574,10/16/2025 14:47
660.09,2727842,3349824,-3336552,-213401,199993,-26667,86663,113330,-621982,95014070.5,970986643.5,121193501.1,,36422075,-201746480,10/16/2025 14:48
660.05,2733081,3357982,-3398767,-204255,199993,-26667,86663,113330,-624901,94915786.5,980008638.5,122760170.1,,36228963,-202843745,10/16/2025 14:49
659.79,2738272,3365552,-3602746,-217673,199993,-26667,86663,113330,-627280,87987423.5,1038100149,125947764.1,,34426249,-208095822,10/16/2025 14:50
659.82,2747364,3373666,-3574874,-205328,199993,-26667,86663,113330,-626302,88790746.5,1035359140,126199335.8,,35056187,-207686809,10/16/2025 14:51
659.91,2751125,3377973,-3424712,-236756,199993,-26667,86663,113330,-626848,88954876.5,1026373888,,165295078.6,35494235,-202087557,10/16/2025 14:52
660.2799,2755514,3381616,-3106387,-195379,199993,-26667,86663,113330,-626102,100913056.5,952318825,,167806474,39330436,-194532741,10/16/2025 14:53
660.27,2761996,3385628,-3156416,-201962,199993,-26667,86663,113330,-623632,99745420,942784640,,160870241.6,39275754,-197034094,10/16/2025 14:54
660.34,2770103,3391321,-3157995,-175085,199993,-26667,86663,113330,-621218,103024386,920831982,,,39853199,-198282826,10/16/2025 14:55
660.33,2775591,3400096,-3175500,-184342,199993,-26667,86663,113330,-624505,102694563,916185743,125429460.2,,39957073,-198972997,10/16/2025 14:56
660.22,2781761,3403326,-3277504,-222910,199993,-26667,86663,113330,-621565,98816527,935130012.5,127248267.2,,38667089,-201123720,10/16/2025 14:57
660.32,2785325,3406260,-3118601,-201997,199993,-26667,86663,113330,-620935,99154108,921701752,126148198.7,160765379,39631359,-196412322,10/16/2025 14:58
660.38,2790162,3409239,-3057434,-215006,199993,-26667,86663,113330,-619077,99825983.5,913243134,,162808167.7,40206605,-194727187,10/16/2025 14:59
660.53,2799156,3414039,-2928202,-210439,199993,-26667,86663,113330,-614883,104531202,893112906.5,,165223049.5,41935964,-191666802,10/16/2025 15:00
660.695,2803787,3419619,-2733489,-186256,199993,-26667,86663,113330,-615832,107413437,862451285,,170794615.6,44151692,-186239565,10/16/2025 15:01
659.96,2812051,3425434,-3511107,-224558,199993,-26667,86663,113330,-613383,89699227,984727159.5,133856898.4,,37154008,-208340799,10/16/2025 15:02
659.89,2819982,3432172,-3502309,-251173,199993,-26667,86663,113330,-612190,85199241.5,1004729249,,,36273960,-206563772,10/16/2025 15:03
659.98,2823559,3437319,-3475096,-237981,199993,-26667,86663,113330,-613760,86700731.5,989726218,,,36931763,-207375748,10/16/2025 15:04
659.92,2829157,3440905,-3407369,-261854,199993,-26667,86663,113330,-611748,83877781,1007303037,,177077100.6,36463997,-203116295,10/16/2025 15:05
660.46,2832239,3445570,-3031600,-209927,199993,-26667,86663,113330,-613331,100044288,883365501,128352652.5,165053700.2,41714682,-195581003,10/16/2025 15:06
660.075,2836058,3449518,-3374042,-220169,199993,-26667,86663,113330,-613460,89306036.5,957217033,134314725.1,152551303.4,38102274,-205765456,10/16/2025 15:07
660.11,2838643,3452979,-3333312,-225821,199993,-26667,86663,113330,-614336,89182776,953852971.5,,167900034.9,37995811,-203559412,10/16/2025 15:08
660.27,2840981,3458006,-3270436,-218717,199993,-26667,86663,113330,-617025,92584938.5,913297594,132973512,,39152946,-202183670,10/16/2025 15:09
660.82,2847199,3467007,-2837570,-160394,199993,-26667,86663,113330,-619808,113007183,794403685.5,128669043.8,,45751531,-193092888,10/16/2025 15:10
660.1316,2853837,3477171,-3351112,-228575,199993,-26667,86663,113330,-623334,88116844.5,939865542.5,136520053.2,163479819.9,38256949,-204419582,10/16/2025 15:11
660.2,2857170,3481164,-3311608,-218422,199993,-26667,86663,113330,-623994,90180563.5,916674168,136214796.8,,38886694,-205492612,10/16/2025 15:12
659.6801,2866778,3490610,-3699504,-290208,199993,-26667,86663,113330,-623832,74312676.5,1037085728,,176749411.1,33349685,-212514197,10/16/2025 15:13
659.47,2873220,3495188,-3880872,-311849,199993,-26667,86663,113330,-621968,67680816,1091316681,,183199246.3,31189264,-216678967,10/16/2025 15:14
659.4,2881837,3505940,-4019850,-296950,199993,-26667,86663,113330,-624103,67479198,1096360236,146369423.5,173638255.5,30635980,-221146043,10/16/2025 15:15
658.88,2889230,3512579,-4538137,-290667,199993,-26667,86663,113330,-623349,58292584,1182683227,155740641.3,,27067538,-239995275,10/16/2025 15:17
658.982,2899642,3524697,-4476383,-318668,199993,-26667,86663,113330,-625055,57276974,1171896192,152085913.2,,26647709,-236773287,10/16/2025 15:18
658.8301,2908448,3529483,-4418181,-340614,199993,-26667,86663,113330,-621035,53088155.5,1227674058,155174788.2,185758900.8,25675186,-231863759,10/16/2025 15:19
659.06,2911209,3534574,-4147244,-355194,199993,-26667,86663,113330,-623365,54265620.5,1199136559,,207809914.9,27112740,-222016780,10/16/2025 15:20
658.25,2921367,3543941,-4929318,-372427,199993,-26667,86663,113330,-622574,44693553,1369719118,164031777.6,,21933878,-245985658,10/16/2025 15:21
658.12,2927241,3551694,-5074876,-355351,199993,-26667,86663,113330,-624453,42171025.5,1388823736,167347190.2,,21302512,-252681445,10/16/2025 15:22
658.88,2934536,3558577,-4289856,-387572,199993,-26667,86663,113330,-624041,48569687.5,1244948462,,217756132.7,24661051,-225262484,10/16/2025 15:23
659.115,2940891,3563527,-4207719,-377203,199993,-26667,86663,113330,-622636,55155441.5,1157704621,,191643204.3,26732016,-226690719,10/16/2025 15:24
659.48,2951430,3571636,-4018513,-319870,199993,-26667,86663,113330,-620206,64931072,1064564742,,,30409762,-223781628,10/16/2025 15:25
658.995,2956548,3577811,-4440806,-362390,199993,-26667,86663,113330,-621263,54002835.5,1165552893,156970993.1,,26289224,-237345411,10/16/2025 15:26
658.76,2960552,3581893,-4670559,-348308,199993,-26667,86663,113330,-621341,47921689,1218384449,160426092.1,,23939056,-244208677,10/16/2025 15:27
659.03,2964557,3587218,-4380487,-396734,199993,-26667,86663,113330,-622661,50489249,1161842245,154646759.3,,25324323,-233064867,10/16/2025 15:28
658.94,2966855,3590604,-4511049,-368487,199993,-26667,86663,113330,-623749,47975947.5,1175848995,,,24608704,-238982958,10/16/2025 15:29
658.525,2975087,3603822,-4849790,-383362,199993,-26667,86663,113330,-628735,41039061.5,1270554677,165734683.2,,21610089,-249462607,10/16/2025 15:30
658.68,2978300,3606414,-4671419,-383812,199993,-26667,86663,113330,-628114,42654714,1235518233,164501173.3,,22678609,-244352040,10/16/2025 15:31
658.5,2983339,3617588,-4921061,-383873,199993,-26667,86663,113330,-634249,39638509,1284763275,170380983.8,,20977151,-252274433,10/16/2025 15:32
658.26,2986567,3622616,-4972378,-413565,199993,-26667,86663,113330,-636049,34852827.5,1347930512,173988820.6,,19194335,-250277512,10/16/2025 15:33
658.56,2991156,3626384,-4701664,-424777,199993,-26667,86663,113330,-635228,36917313,1272600069,,205237242.4,20155645,-241454112,10/16/2025 15:34
658.61,2995241,3629579,-4634461,-454471,199993,-26667,86663,113330,-634338,36579065,1265700211,,218344313.5,20136812,-239232914,10/16/2025 15:35
659.53,3000249,3637681,-3884233,-388904,199993,-26667,86663,113330,-637432,55849497.5,1053285848,,212426443.9,29898466,-219585444,10/16/2025 15:36
658.955,3006461,3644157,-4455243,-403436,199993,-26667,86663,113330,-637696,45472787.5,1169827960,168835994.1,,24596988,-238239094,10/16/2025 15:38
658.605,3009060,3648161,-4849739,-404065,199993,-26667,86663,113330,-639101,40193677.5,1230429843,177501753.1,,21010308,-251993431,10/16/2025 15:39
659.01,3012445,3654828,-4337155,-440821,199993,-26667,86663,113330,-642383,43786713.5,1159543778,,213976413,24636321,-233642194,10/16/2025 15:40
659.29,3016808,3659015,-4292380,-376478,199993,-26667,86663,113330,-642207,49878426.5,1087853112,169865792.7,,27057918,-235189806,10/16/2025 15:41
659.295,3020251,3662229,-4324371,-368682,199993,-26667,86663,113330,-641978,49973501,1074217648,171518924.2,,27234743,-237141228,10/16/2025 15:42
659.37,3024244,3665903,-4201981,-367955,199993,-26667,86663,113330,-641659,49849289.5,1059016415,172032593.9,,27770466,-232978813,10/16/2025 15:43
659.26,3028194,3668421,-4169196,-438376,199993,-26667,86663,113330,-640227,46018437.5,1087016555,,211580412.7,26567259,-229784980,10/16/2025 15:44
659.77,3051351,3683414,-3761781,-427072,199993,-26667,86663,113330,-632063,56466814,976032409,,215515491.8,31317946,-217182894,10/16/2025 15:45
659.54,3054678,3692453,-3904352,-442056,199993,-26667,86663,113330,-637775,49657999,1026604128,,215236021,29014687,-222302997,10/16/2025 15:46
659.31,3057485,3694894,-4193723,-420399,199993,-26667,86663,113330,-637409,45332562,1075787637,,,26497380,-231938596,10/16/2025 15:47
659.76,3059575,3697762,-3974279,-371901,199993,-26667,86663,113330,-638187,56172754,965931067.5,,,30793493,-227306709,10/16/2025 15:48
660.05,3063736,3701705,-3528957,-404383,199993,-26667,86663,113330,-637969,63534737.5,910844072,,208802679.4,35379031,-211215033,10/16/2025 15:49
660.16,3073047,3706248,-3659852,-353400,199993,-26667,86663,113330,-633201,68248075,861006520,156517558.2,,36418022,-218651222,10/16/2025 15:50
660.34,3082645,3710629,-3473407,-332162,199993,-26667,86663,113330,-627984,70255701,832786451.5,,,39038813,-212695699,10/16/2025 15:51
660.82,3089494,3715378,-2856516,-355868,199993,-26667,86663,113330,-625884,86052032.5,747411364,,201503065.7,47015746,-190138855,10/16/2025 15:52
660.885,3097328,3719305,-3003468,-243967,199993,-26667,86663,113330,-621977,93794875,710268168,143634492.4,,47807381,-199472089,10/16/2025 15:53
660.8299,3103889,3723053,-2945481,-299524,199993,-26667,86663,113330,-619164,89627078.5,727020831,,,47379721,-195600394,10/16/2025 15:54
660.86,3110210,3728657,-2829085,-318572,199993,-26667,86663,113330,-618447,86469177.5,726351964.5,,185480735.8,48729761,-190987184,10/16/2025 15:55
660.62,3113633,3733321,-3203214,-314446,199993,-26667,86663,113330,-619688,76707160.5,756530366.5,145240888.89,,43792979,-204574166,2025-10-16 15:56:45
660.18,3120604,3737649,-3385347,-475289,199993,-26667,86663,113330,-617045,57138825.5,861510984,,191578440.03,37462671,-207306795,2025-10-16 15:57:45
660.265,3129868,3742378,-3480330,-423727,199993,-26667,86663,113330,-612510,61308574,830523549.5,,,38000290,-213557954,2025-10-16 15:58:45
660.67,3142124,3751325,-2938701,-416292,199993,-26667,86663,113330,-609201,73371185.5,760076266.5,,187298071.52,46209850,-193548962,2025-10-16 15:59:45
660.64,3185580,3779781,-3913939,-600515,199993,-26667,86663,113330,-594201,24602160,1062280670.5,,,24849372,-222548156,2025-10-16 16:31:54
660.64,3185580,3779781,-3924281,-616075,199993,-26667,86663,113330,-594201,24602160,1062280670.5,,,24640044,-223078429,2025-10-16 16:32:15
660.64,3185580,3779781,-3975453,-627034,199993,-26667,86663,113330,-594201,24602160,1062280670.5,,,24241419,-225518759,2025-10-16 16:33:17
660.64,3185580,3779781,-3708741,-620944,199993,-26667,86663,113330,-594201,24602160,1062280670.5,,,27759933,-213067973,2025-10-16 16:34:17
660.64,,,0,0,,,,,,,,,,,,2025-10-16 16:35:09
660.64,3185580,3779781,-4146259,-656772,199993,-26667,86663,113330,-594201,24602160,1062280670.5,,,23508771,-234824059,2025-10-16 16:36:11
660.64,3185580,3779781,-3708741,-620944,199993,-26667,86663,113330,-594201,24602160,1062280670.5,,,27759933,-213067973,2025-10-16 16:37:21
660.64,0,0,0,0,0,0,0,0,0,0,0,0,0,0,0,2025-10-17 03:37:37
660.64,0,0,-23489198,-1031858,664678,-125938,269370,395308,0,0,0,0,,0,0,2025-10-17 03:38:40
660.64,0,0,-22785266,-895338,664678,-125938,269370,395308,0,0,0,0,,0,0,2025-10-17 03:39:45
660.64,0,0,-22785266,-895338,664678,-125938,269370,395308,0,0,0,0,,0,0,2025-10-17 03:40:45
660.64,0,0,-22356169,-838850,664678,-125938,269370,395308,0,0,0,0,,0,0,2025-10-17 03:41:45
660.64,0,0,-22151818,-812716,664678,-125938,269370,395308,0,0,0,0,,0,0,2025-10-17 03:42:45
660.64,0,0,-22467107,-863312,664678,-125938,269370,395308,0,0,0,0,,0,0,2025-10-17 03:43:45
660.64,0,0,-21898535,-701535,664678,-125938,269370,395308,0,0,0,0,,0,0,2025-10-17 03:44:45
660.64,0,0,-21837242,-683716,664678,-125938,269370,395308,0,0,0,0,,0,0,2025-10-17 03:45:45
660.64,0,0,-21837242,-683716,664678,-125938,269370,395308,0,0,0,0,,0,0,2025-10-17 03:46:45
660.64,0,0,-21883586,-701535,664678,-125938,269370,395308,0,0,0,0,,0,0,2025-10-17 03:47:50
660.64,0,0,-22065802,-716180,664678,-125938,269370,395308,0,0,0,0,,0,0,2025-10-17 03:49:00
660.64,0,0,-21830599,-683716,664678,-125938,269370,395308,0,0,0,0,,0,0,2025-10-17 03:50:00
660.64,0,0,-21875274,-683716,664678,-125938,269370,395308,0,0,0,0,,0,0,2025-10-17 03:51:00
660.64,0,0,-20484701,-1157643,664678,-125938,269370,395308,0,0,0,0,,0,0,2025-10-17 03:52:00
660.64,0,0,-20526090,-1157643,664678,-125938,269370,395308,0,0,0,0,,0,0,2025-10-17 03:53:00
660.64,0,0,-19951733,-982342,664678,-125938,269370,395308,0,0,0,0,,0,0,2025-10-17 03:54:00
660.64,0,0,-20164428,-1094650,664678,-125938,269370,395308,0,0,0,0,,0,0,2025-10-17 03:55:00
660.64,0,0,-21837242,-683716,664678,-125938,269370,395308,0,0,0,0,,0,0,2025-10-17 03:56:00
660.64,0,0,-21953268,-708178,664678,-125938,269370,395308,0,0,0,0,,0,0,2025-10-17 03:57:00
660.64,0,0,-21898535,-701535,664678,-125938,269370,395308,0,0,0,0,,0,0,2025-10-17 03:58:00
660.64,0,0,-21837242,-683716,664678,-125938,269370,395308,0,0,0,0,,0,0,2025-10-17 03:59:15
660.64,0,0,-22021325,-716180,664678,-125938,269370,395308,0,0,0,0,,0,0,2025-10-17 04:00:24
660.64,0,0,-22160006,-812716,664678,-125938,269370,395308,0,0,0,0,,0,0,2025-10-17 04:01:24
660.64,0,0,-22573033,-863312,664678,-125938,269370,395308,0,0,0,0,,0,0,2025-10-17 04:02:24
660.64,0,0,-23162635,-932567,664678,-125938,269370,395308,0,0,0,0,,0,0,2025-10-17 04:03:24
660.64,0,0,-23303185,-969998,664678,-125938,269370,395308,0,0,0,0,,0,0,2025-10-17 04:04:24
660.64,0,0,-23517383,-1031858,664678,-125938,269370,395308,0,0,0,0,,0,0,2025-10-17 04:05:24
660.64,0,0,-23453560,-1031858,664678,-125938,269370,395308,0,0,0,0,,0,0,2025-10-17 04:06:24
660.64,0,0,-22960809,-808979,664678,-125938,269370,395308,0,0,0,0,,0,0,2025-10-17 04:07:24
660.64,0,0,-22076462,-726840,664678,-125938,269370,395308,0,0,0,0,,0,0,2025-10-17 04:08:24
660.64,0,0,-22960809,-808979,664678,-125938,269370,395308,0,0,0,0,,0,0,2025-10-17 04:09:24
660.64,0,0,-22453821,-863312,664678,-125938,269370,395308,0,0,0,0,,0,0,2025-10-17 04:10:39
660.64,0,0,-22805195,-868766,664678,-125938,269370,395308,0,0,0,0,,0,0,2025-10-17 04:11:49
660.64,0,0,-23136814,-932567,664678,-125938,269370,395308,0,0,0,0,,0,0,2025-10-17 04:12:49
660.64,0,0,-22941108,-808979,664678,-125938,269370,395308,0,0,0,0,,0,0,2025-10-17 04:13:49
660.64,0,0,-23540620,-1031858,664678,-125938,269370,395308,0,0,0,0,,0,0,2025-10-17 04:14:49
660.64,0,0,-23448276,-987905,664678,-125938,269370,395308,0,0,0,0,,0,0,2025-10-17 04:15:49
660.64,0,0,-22915311,-808979,664678,-125938,269370,395308,0,0,0,0,,0,0,2025-10-17 04:16:49
660.64,0,0,-23829359,-1083813,664678,-125938,269370,395308,0,0,0,0,,0,0,2025-10-17 04:17:49
660.64,0,0,-23670447,-1049677,664678,-125938,269370,395308,0,0,0,0,,0,0,2025-10-17 04:18:49
660.64,0,0,-23925066,-1145227,664678,-125938,269370,395308,0,0,0,0,,0,0,2025-10-17 04:19:49
660.64,0,0,-24465416,-858560,664678,-125938,269370,395308,0,0,0,0,,0,0,2025-10-17 04:20:49
660.64,0,0,-23002880,-845019,664678,-125938,269370,395308,0,0,0,0,,0,0,2025-10-17 04:22:04
660.64,0,0,-23002880,-845019,664678,-125938,269370,395308,0,0,0,0,,0,0,2025-10-17 04:23:14
660.64,0,0,-22540574,-863312,664678,-125938,269370,395308,0,0,0,0,,0,0,2025-10-17 04:24:14
660.64,0,0,-22467107,-863312,664678,-125938,269370,395308,0,0,0,0,,0,0,2025-10-17 04:25:14
660.64,0,0,-22151818,-812716,664678,-125938,269370,395308,0,0,0,0,,0,0,2025-10-17 04:26:14
660.64,0,0,-22127058,-788254,664678,-125938,269370,395308,0,0,0,0,,0,0,2025-10-17 04:27:14
660.64,0,0,-22151818,-812716,664678,-125938,269370,395308,0,0,0,0,,0,0,2025-10-17 04:28:14
660.64,0,0,-22127058,-788254,664678,-125938,269370,395308,0,0,0,0,,0,0,2025-10-17 04:29:14
660.64,0,0,-22160006,-838850,664678,-125938,269370,395308,0,0,0,0,,0,0,2025-10-17 04:30:14
660.64,0,0,-22184258,-838850,664678,-125938,269370,395308,0,0,0,0,,0,0,2025-10-17 04:31:14
660.64,0,0,-21927134,-708178,664678,-125938,269370,395308,0,0,0,0,,0,0,2025-10-17 04:32:14
660.64,0,0,-20638885,-1212478,664678,-125938,269370,395308,0,0,0,0,,0,0,2025-10-17 04:33:28
660.64,0,0,-19969552,-1076533,664678,-125938,269370,395308,0,0,0,0,,0,0,2025-10-17 04:34:38
660.64,0,0,-20164428,-1094650,664678,-125938,269370,395308,0,0,0,0,,0,0,2025-10-17 04:35:38
660.64,0,0,-19449034,-914697,664678,-125938,269370,395308,0,0,0,0,,0,0,2025-10-17 04:36:38
660.64,0,0,-19969552,-1076533,664678,-125938,269370,395308,0,0,0,0,,0,0,2025-10-17 04:37:38
660.64,0,0,-19898684,-940953,664678,-125938,269370,395308,0,0,0,0,,0,0,2025-10-17 04:38:38
660.64,0,0,-20365114,-1099273,664678,-125938,269370,395308,0,0,0,0,,0,0,2025-10-17 04:39:38
660.64,0,0,-20312143,-1099273,664678,-125938,269370,395308,0,0,0,0,,0,0,2025-10-17 04:40:56
660.64,0,0,-19910344,-982342,664678,-125938,269370,395308,0,0,0,0,,0,0,2025-10-17 04:41:56
660.64,0,0,-20526090,-1157643,664678,-125938,269370,395308,0,0,0,0,,0,0,2025-10-17 04:42:56
660.64,0,0,-20526090,-1157643,664678,-125938,269370,395308,0,0,0,0,,0,0,2025-10-17 04:43:56
660.64,0,0,-20987353,-1212478,664678,-125938,269370,395308,0,0,0,0,,0,0,2025-10-17 04:45:03
660.64,0,0,-21256851,-1171089,664678,-125938,269370,395308,0,0,0,0,,0,0,2025-10-17 04:46:03
660.64,0,0,-21804465,-683716,664678,-125938,269370,395308,0,0,0,0,,0,0,2025-10-17 04:47:03
660.64,0,0,-21503476,-1121088,664678,-125938,269370,395308,0,0,0,0,,0,0,2025-10-17 04:48:03
660.64,0,0,-20208842,-1094650,664678,-125938,269370,395308,0,0,0,0,,0,0,2025-10-17 04:49:03
660.64,0,0,-19969552,-1043756,664678,-125938,269370,395308,0,0,0,0,,0,0,2025-10-17 04:50:03
660.64,0,0,-20208842,-1094650,664678,-125938,269370,395308,0,0,0,0,,0,0,2025-10-17 04:51:03
660.64,0,0,-20915279,-1212478,664678,-125938,269370,395308,0,0,0,0,,0,0,2025-10-17 04:52:03
660.64,0,0,-21804465,-683716,664678,-125938,269370,395308,0,0,0,0,,0,0,2025-10-17 04:53:03
660.64,0,0,-20987353,-1212478,664678,-125938,269370,395308,0,0,0,0,,0,0,2025-10-17 04:54:03
660.64,0,0,-20680274,-1212478,664678,-125938,269370,395308,0,0,0,0,,0,0,2025-10-17 04:55:03
660.64,0,0,-20638885,-1212478,664678,-125938,269370,395308,0,0,0,0,,0,0,2025-10-17 04:56:18
660.64,0,0,-19969552,-1076533,664678,-125938,269370,395308,0,0,0,0,,0,0,2025-10-17 04:57:28
660.64,0,0,-20061625,-1086648,664678,-125938,269370,395308,0,0,0,0,,0,0,2025-10-17 04:58:28
660.64,0,0,-20164428,-1094650,664678,-125938,269370,395308,0,0,0,0,,0,0,2025-10-17 04:59:28
660.64,0,0,-20164428,-1094650,664678,-125938,269370,395308,0,0,0,0,,0,0,2025-10-17 05:00:28
660.64,0,0,-19417669,-919680,664678,-125938,269370,395308,0,0,0,0,,0,0,2025-10-17 05:01:28
660.64,0,0,-19295361,-913037,664678,-125938,269370,395308,0,0,0,0,,0,0,2025-10-17 05:02:28
660.64,0,0,-19530762,-951103,664678,-125938,269370,395308,0,0,0,0,,0,0,2025-10-17 05:03:28
660.64,0,0,-19530762,-951103,664678,-125938,269370,395308,0,0,0,0,,0,0,2025-10-17 05:04:28
660.64,0,0,-19530762,-951103,664678,-125938,269370,395308,0,0,0,0,,0,0,2025-10-17 05:05:28
660.64,0,0,-19535745,-951103,664678,-125938,269370,395308,0,0,0,0,,0,0,2025-10-17 05:06:28
660.64,0,0,-19530762,-951103,664678,-125938,269370,395308,0,0,0,0,,0,0,2025-10-17 05:07:42
660.64,0,0,-19530762,-951103,664678,-125938,269370,395308,0,0,0,0,,0,0,2025-10-17 05:08:52
660.64,0,0,-19643948,-919494,664678,-125938,269370,395308,0,0,0,0,,0,0,2025-10-17 05:09:52
660.64,0,0,-19449034,-914697,664678,-125938,269370,395308,0,0,0,0,,0,0,2025-10-17 05:10:52
660.64,0,0,-19222578,-903602,664678,-125938,269370,395308,0,0,0,0,,0,0,2025-10-17 05:11:52
660.64,0,0,-19537831,-951103,664678,-125938,269370,395308,0,0,0,0,,0,0,2025-10-17 05:12:52
660.64,0,0,-18986042,-853043,664678,-125938,269370,395308,0,0,0,0,,0,0,2025-10-17 05:13:52
660.64,0,0,-18991025,-853043,664678,-125938,269370,395308,0,0,0,0,,0,0,2025-10-17 05:14:52
660.64,0,0,-18986042,-853043,664678,-125938,269370,395308,0,0,0,0,,0,0,2025-10-17 05:15:52
660.64,0,0,-18903944,-835224,664678,-125938,269370,395308,0,0,0,0,,0,0,2025-10-17 05:16:52
660.64,0,0,-18489944,-732626,664678,-125938,269370,395308,0,0,0,0,,0,0,2025-10-17 05:17:52
660.64,0,0,-18814086,-809090,664678,-125938,269370,395308,0,0,0,0,,0,0,2025-10-17 05:19:07
660.64,0,0,-18668134,-797464,664678,-125938,269370,395308,0,0,0,0,,0,0,2025-10-17 05:20:17
660.64,0,0,-18251896,-799393,664678,-125938,269370,395308,0,0,0,0,,0,0,2025-10-17 05:21:17
660.64,0,0,-18063938,-788661,664678,-125938,269370,395308,0,0,0,0,,0,0,2025-10-17 05:22:17
660.64,0,0,-18183261,-806568,664678,-125938,269370,395308,0,0,0,0,,0,0,2025-10-17 05:23:17
660.64,0,0,-17869406,-700978,664678,-125938,269370,395308,0,0,0,0,,0,0,2025-10-17 05:24:17
660.64,0,0,-17869406,-700978,664678,-125938,269370,395308,0,0,0,0,,0,0,2025-10-17 05:25:17
660.64,0,0,-18126229,-806568,664678,-125938,269370,395308,0,0,0,0,,0,0,2025-10-17 05:26:17
660.64,0,0,-18453303,-768501,664678,-125938,269370,395308,0,0,0,0,,0,0,2025-10-17 05:27:17
660.64,0,0,-18714506,-797464,664678,-125938,269370,395308,0,0,0,0,,0,0,2025-10-17 05:28:17
660.64,0,0,-18714506,-797464,664678,-125938,269370,395308,0,0,0,0,,0,0,2025-10-17 05:29:17
660.64,0,0,-18637333,-789462,664678,-125938,269370,395308,0,0,0,0,,0,0,2025-10-17 05:30:32
660.64,0,0,-18666778,-789462,664678,-125938,269370,395308,0,0,0,0,,0,0,2025-10-17 05:31:41
660.64,0,0,-19114099,-894432,664678,-125938,269370,395308,0,0,0,0,,0,0,2025-10-17 05:32:41
660.64,0,0,-18814086,-804107,664678,-125938,269370,395308,0,0,0,0,,0,0,2025-10-17 05:33:41
660.64,0,0,-18587346,-787516,664678,-125938,269370,395308,0,0,0,0,,0,0,2025-10-17 05:35:01
660.64,0,0,-18189904,-806568,664678,-125938,269370,395308,0,0,0,0,,0,0,2025-10-17 05:36:21
660.64,0,0,-17941207,-707621,664678,-125938,269370,395308,0,0,0,0,,0,0,2025-10-17 05:37:41
660.64,0,0,-18236719,-799393,664678,-125938,269370,395308,0,0,0,0,,0,0,2025-10-17 05:39:01
660.64,0,0,-18575686,-746127,664678,-125938,269370,395308,0,0,0,0,,0,0,2025-10-17 05:40:21
660.64,0,0,-19278621,-896959,664678,-125938,269370,395308,0,0,0,0,,0,0,2025-10-17 05:41:36
660.64,0,0,-19530762,-951103,664678,-125938,269370,395308,0,0,0,0,,0,0,2025-10-17 05:42:46
660.64,0,0,-19222578,-901075,664678,-125938,269370,395308,0,0,0,0,,0,0,2025-10-17 05:43:46
660.64,0,0,-19530762,-951103,664678,-125938,269370,395308,0,0,0,0,,0,0,2025-10-17 05:44:46
660.64,0,0,-19449034,-914697,664678,-125938,269370,395308,0,0,0,0,,0,0,2025-10-17 05:45:46
660.64,0,0,-19567678,-946120,664678,-125938,269370,395308,0,0,0,0,,0,0,2025-10-17 05:46:46
660.64,0,0,-19417669,-919680,664678,-125938,269370,395308,0,0,0,0,,0,0,2025-10-17 05:47:46
660.64,0,0,-19186478,-894432,664678,-125938,269370,395308,0,0,0,0,,0,0,2025-10-17 05:48:46
660.64,0,0,-19713998,-919494,664678,-125938,269370,395308,0,0,0,0,,0,0,2025-10-17 05:49:46
660.64,0,0,-19186478,-894432,664678,-125938,269370,395308,0,0,0,0,,0,0,2025-10-17 05:50:46
660.64,0,0,-19191461,-901075,664678,-125938,269370,395308,0,0,0,0,,0,0,2025-10-17 05:51:46
660.64,0,0,-19115644,-894432,664678,-125938,269370,395308,0,0,0,0,,0,0,2025-10-17 05:52:46
660.64,0,0,-19074326,-894432,664678,-125938,269370,395308,0,0,0,0,,0,0,2025-10-17 05:53:51
660.64,0,0,-19284960,-896959,664678,-125938,269370,395308,0,0,0,0,,0,0,2025-10-17 05:54:51
660.64,0,0,-19419720,-914697,664678,-125938,269370,395308,0,0,0,0,,0,0,2025-10-17 05:55:51
660.64,0,0,-19572661,-941137,664678,-125938,269370,395308,0,0,0,0,,0,0,2025-10-17 05:56:51
660.64,0,0,-19672609,-919494,664678,-125938,269370,395308,0,0,0,0,,0,0,2025-10-17 05:57:51
660.64,0,0,-19788112,-937313,664678,-125938,269370,395308,0,0,0,0,,0,0,2025-10-17 05:58:51
660.64,0,0,-20061625,-1086648,664678,-125938,269370,395308,0,0,0,0,,0,0,2025-10-17 05:59:51
660.64,0,0,-19672609,-919494,664678,-125938,269370,395308,0,0,0,0,,0,0,2025-10-17 06:00:51
660.64,0,0,-19074326,-894432,664678,-125938,269370,395308,0,0,0,0,,0,0,2025-10-17 06:01:51
660.64,0,0,-19222578,-896959,664678,-125938,269370,395308,0,0,0,0,,0,0,2025-10-17 06:02:51
660.64,0,0,-18666778,-797464,664678,-125938,269370,395308,0,0,0,0,,0,0,2025-10-17 06:03:51
660.64,0,0,-18575686,-746127,664678,-125938,269370,395308,0,0,0,0,,0,0,2025-10-17 06:04:55
660.64,0,0,-18364413,-797201,664678,-125938,269370,395308,0,0,0,0,,0,0,2025-10-17 06:05:55
660.64,0,0,-18385406,-790026,664678,-125938,269370,395308,0,0,0,0,,0,0,2025-10-17 06:06:55
660.64,0,0,-18364413,-797201,664678,-125938,269370,395308,0,0,0,0,,0,0,2025-10-17 06:08:15
660.64,0,0,-18592329,-787516,664678,-125938,269370,395308,0,0,0,0,,0,0,2025-10-17 06:09:35
660.64,0,0,-18798574,-804107,664678,-125938,269370,395308,0,0,0,0,,0,0,2025-10-17 06:10:55
660.64,0,0,-19079309,-894432,664678,-125938,269370,395308,0,0,0,0,,0,0,2025-10-17 06:12:15
660.64,0,0,-19304900,-913037,664678,-125938,269370,395308,0,0,0,0,,0,0,2025-10-17 06:13:35
660.64,0,0,-19444051,-914697,664678,-125938,269370,395308,0,0,0,0,,0,0,2025-10-17 06:14:55
660.64,0,0,-19544474,-951103,664678,-125938,269370,395308,0,0,0,0,,0,0,2025-10-17 06:16:10
660.64,0,0,-19191461,-901075,664678,-125938,269370,395308,0,0,0,0,,0,0,2025-10-17 06:17:20
660.64,0,0,-19624016,-949392,664678,-125938,269370,395308,0,0,0,0,,0,0,2025-10-17 06:18:20
660.64,0,0,-20208842,-1094650,664678,-125938,269370,395308,0,0,0,0,,0,0,2025-10-17 06:19:20
660.64,0,0,-19788112,-937313,664678,-125938,269370,395308,0,0,0,0,,0,0,2025-10-17 06:20:20
660.64,0,0,-19815740,-940953,664678,-125938,269370,395308,0,0,0,0,,0,0,2025-10-17 06:21:23
660.64,0,0,-20054982,-1076533,664678,-125938,269370,395308,0,0,0,0,,0,0,2025-10-17 06:22:23
660.64,0,0,-20164428,-1086648,664678,-125938,269370,395308,0,0,0,0,,0,0,2025-10-17 06:23:23
660.64,0,0,-20275643,-1094650,664678,-125938,269370,395308,0,0,0,0,,0,0,2025-10-17 06:24:23
660.64,0,0,-20209792,-1094650,664678,-125938,269370,395308,0,0,0,0,,0,0,2025-10-17 06:25:23
660.64,0,0,-20275643,-1094650,664678,-125938,269370,395308,0,0,0,0,,0,0,2025-10-17 06:26:23
660.64,0,0,-20353532,-1099273,664678,-125938,269370,395308,0,0,0,0,,0,0,2025-10-17 06:27:35
660.64,0,0,-19951733,-982342,664678,-125938,269370,395308,0,0,0,0,,0,0,2025-10-17 06:28:45
660.64,0,0,-19951733,-982342,664678,-125938,269370,395308,0,0,0,0,,0,0,2025-10-17 06:29:45
660.64,0,0,-19919141,-967957,806163,-87539,359312,446851,0,0,0,0,,0,0,2025-10-17 06:30:45
660.64,0,0,-18774066,-814009,806163,-87539,359312,446851,0,0,0,0,,0,0,2025-10-17 06:31:45
660.64,0,0,-19536927,-928624,806163,-87539,359312,446851,0,0,0,0,,0,0,2025-10-17 06:32:45
660.64,0,0,-19544436,-928624,806163,-87539,359312,446851,0,0,0,0,,0,0,2025-10-17 06:33:45
660.64,0,0,-19536927,-882263,806163,-87539,359312,446851,0,0,0,0,,0,0,2025-10-17 06:34:45
660.64,0,0,-18783942,-804133,806163,-87539,359312,446851,0,0,0,0,,0,0,2025-10-17 06:35:45
660.64,0,0,-18991919,-808378,806163,-87539,359312,446851,0,0,0,0,,0,0,2025-10-17 06:36:45
660.64,0,0,-18990419,-762017,806163,-87539,359312,446851,0,0,0,0,,0,0,2025-10-17 06:37:45
660.64,0,0,-18756681,-823885,806163,-87539,359312,446851,0,0,0,0,,0,0,2025-10-17 06:39:00
660.64,0,0,-17848751,-640374,806163,-87539,359312,446851,0,0,0,0,,0,0,2025-10-17 06:40:09
660.64,0,0,-18101889,-720897,806163,-87539,359312,446851,0,0,0,0,,0,0,2025-10-17 06:41:09
660.64,0,0,-18222170,-749621,806163,-87539,359312,446851,0,0,0,0,,0,0,2025-10-17 06:42:09
660.64,0,0,-18212294,-749621,806163,-87539,359312,446851,0,0,0,0,,0,0,2025-10-17 06:43:09
660.64,0,0,-18110898,-720897,806163,-87539,359312,446851,0,0,0,0,,0,0,2025-10-17 06:44:09
660.64,0,0,-18110898,-720897,806163,-87539,359312,446851,0,0,0,0,,0,0,2025-10-17 06:45:09
660.64,0,0,-17084468,-720580,806163,-87539,359312,446851,0,0,0,0,,0,0,2025-10-17 06:46:09
660.64,0,0,-17819755,-640374,806163,-87539,359312,446851,0,0,0,0,,0,0,2025-10-17 06:47:09
660.64,0,0,-17850845,-640374,806163,-87539,359312,446851,0,0,0,0,,0,0,2025-10-17 06:48:09
660.64,0,0,-18363077,-846004,806163,-87539,359312,446851,0,0,0,0,,0,0,2025-10-17 06:49:09
660.64,0,0,-19278512,-836243,806163,-87539,359312,446851,0,0,0,0,,0,0,2025-10-17 06:50:24
660.64,0,0,-19311917,-843752,806163,-87539,359312,446851,0,0,0,0,,0,0,2025-10-17 06:51:34
660.64,0,0,-19005434,-808378,806163,-87539,359312,446851,0,0,0,0,,0,0,2025-10-17 06:52:34
660.64,0,0,-18990419,-762017,806163,-87539,359312,446851,0,0,0,0,,0,0,2025-10-17 06:53:34
660.64,0,0,-17658303,-618640,806163,-87539,359312,446851,0,0,0,0,,0,0,2025-10-17 06:54:34
660.64,0,0,-17658303,-618640,806163,-87539,359312,446851,0,0,0,0,,0,0,2025-10-17 06:55:34
660.64,0,0,-16794123,-674219,806163,-87539,359312,446851,0,0,0,0,,0,0,2025-10-17 06:56:34
660.64,0,0,-16698775,-662903,806163,-87539,359312,446851,0,0,0,0,,0,0,2025-10-17 06:57:34
660.64,0,0,-16844211,-674219,806163,-87539,359312,446851,0,0,0,0,,0,0,2025-10-17 06:58:34
660.64,0,0,-16654940,-662903,806163,-87539,359312,446851,0,0,0,0,,0,0,2025-10-17 06:59:34
660.64,0,0,-15856263,-666253,806163,-87539,359312,446851,0,0,0,0,,0,0,2025-10-17 07:00:36
660.64,0,0,-15621230,-656273,806163,-87539,359312,446851,0,0,0,0,,0,0,2025-10-17 07:01:49
660.64,0,0,-15165567,-583061,806163,-87539,359312,446851,0,0,0,0,,0,0,2025-10-17 07:02:59
660.64,0,0,-15697751,-676343,806163,-87539,359312,446851,0,0,0,0,,0,0,2025-10-17 07:03:59
660.64,0,0,-16296993,-619909,806163,-87539,359312,446851,0,0,0,0,,0,0,2025-10-17 07:04:59
660.64,0,0,-16675010,-662903,806163,-87539,359312,446851,0,0,0,0,,0,0,2025-10-17 07:05:59
660.64,0,0,-16569918,-653096,806163,-87539,359312,446851,0,0,0,0,,0,0,2025-10-17 07:06:59
660.64,0,0,-16090216,-646073,806163,-87539,359312,446851,0,0,0,0,,0,0,2025-10-17 07:07:59
660.64,0,0,-16643564,-662903,806163,-87539,359312,446851,0,0,0,0,,0,0,2025-10-17 07:08:59
660.64,0,0,-12577182,-523797,806163,-87539,359312,446851,0,0,0,0,,0,0,2025-10-17 07:09:59
660.64,0,0,-13109914,-610893,806163,-87539,359312,446851,0,0,0,0,,0,0,2025-10-17 07:10:59
660.64,0,0,-12543354,-523797,806163,-87539,359312,446851,0,0,0,0,,0,0,2025-10-17 07:11:59
660.64,0,0,-11004242,-418956,806163,-87539,359312,446851,0,0,0,0,,0,0,2025-10-17 07:13:13
660.64,0,0,-8071593,-274916,806163,-87539,359312,446851,0,0,0,0,,0,0,2025-10-17 07:14:23
660.64,0,0,-5995080,-161564,806163,-87539,359312,446851,0,0,0,0,0,0,0,2025-10-17 07:15:23
660.64,0,0,-8534845,-273021,806163,-87539,359312,446851,0,0,0,0,,0,0,2025-10-17 07:16:23
660.64,0,0,-7347567,-247982,806163,-87539,359312,446851,0,0,0,0,,0,0,2025-10-17 07:17:23
660.64,0,0,-7639257,-276885,806163,-87539,359312,446851,0,0,0,0,,0,0,2025-10-17 07:18:23
660.64,0,0,-9313444,-309681,806163,-87539,359312,446851,0,0,0,0,,0,0,2025-10-17 07:19:23
660.64,0,0,-8655788,-273021,806163,-87539,359312,446851,0,0,0,0,,0,0,2025-10-17 07:20:23
660.64,0,0,-9135039,-314812,806163,-87539,359312,446851,0,0,0,0,,0,0,2025-10-17 07:21:23
660.64,0,0,-10383078,-422614,806163,-87539,359312,446851,0,0,0,0,,0,0,2025-10-17 07:22:23
660.64,0,0,-10154567,-353262,806163,-87539,359312,446851,0,0,0,0,,0,0,2025-10-17 07:23:23
660.64,0,0,-9778454,-292705,806163,-87539,359312,446851,0,0,0,0,,0,0,2025-10-17 07:24:38
660.64,0,0,-7931815,-289133,806163,-87539,359312,446851,0,0,0,0,,0,0,2025-10-17 07:25:48
660.64,0,0,-8714212,-273021,806163,-87539,359312,446851,0,0,0,0,,0,0,2025-10-17 07:26:48
660.64,0,0,-8203883,-274916,806163,-87539,359312,446851,0,0,0,0,,0,0,2025-10-17 07:27:48
660.64,0,0,-8589334,-273021,806163,-87539,359312,446851,0,0,0,0,,0,0,2025-10-17 07:28:48
660.64,0,0,-8058269,-274916,806163,-87539,359312,446851,0,0,0,0,,0,0,2025-10-17 07:29:48
660.64,0,0,-9313444,-338123,806163,-87539,359312,446851,0,0,0,0,,0,0,2025-10-17 07:30:48
660.64,0,0,-9895884,-337114,806163,-87539,359312,446851,0,0,0,0,,0,0,2025-10-17 07:31:48
660.64,0,0,-8679616,-273021,806163,-87539,359312,446851,0,0,0,0,,0,0,2025-10-17 07:32:48
660.64,0,0,-9091967,-314812,806163,-87539,359312,446851,0,0,0,0,,0,0,2025-10-17 07:33:48
660.64,0,0,-8917474,-268566,806163,-87539,359312,446851,0,0,0,0,,0,0,2025-10-17 07:34:48
660.64,0,0,-9091967,-314812,806163,-87539,359312,446851,0,0,0,0,,0,0,2025-10-17 07:36:03
660.64,0,0,-7950487,-289133,806163,-87539,359312,446851,0,0,0,0,,0,0,2025-10-17 07:37:13
660.64,0,0,-7590393,-291102,806163,-87539,359312,446851,0,0,0,0,,0,0,2025-10-17 07:38:13
660.64,0,0,-8058269,-274916,806163,-87539,359312,446851,0,0,0,0,,0,0,2025-10-17 07:39:13
660.64,0,0,-8073318,-274916,806163,-87539,359312,446851,0,0,0,0,,0,0,2025-10-17 07:40:13
660.64,0,0,-8655788,-273021,806163,-87539,359312,446851,0,0,0,0,,0,0,2025-10-17 07:41:13
660.64,0,0,-8091931,-274916,806163,-87539,359312,446851,0,0,0,0,,0,0,2025-10-17 07:42:13
660.64,0,0,-7639257,-286758,806163,-87539,359312,446851,0,0,0,0,,0,0,2025-10-17 07:43:13
660.64,0,0,-7049538,-236630,806163,-87539,359312,446851,0,0,0,0,0,0,0,2025-10-17 07:44:13
660.64,0,0,-8058269,-274916,806163,-87539,359312,446851,0,0,0,0,,0,0,2025-10-17 07:45:13
660.64,0,0,-8655788,-273021,806163,-87539,359312,446851,0,0,0,0,,0,0,2025-10-17 07:46:13
660.64,0,0,-8215173,-274916,806163,-87539,359312,446851,0,0,0,0,,0,0,2025-10-17 07:47:27
660.64,0,0,-6989806,-268035,806163,-87539,359312,446851,0,0,0,0,0,0,0,2025-10-17 07:48:37
660.64,0,0,-7393387,-261497,806163,-87539,359312,446851,0,0,0,0,,0,0,2025-10-17 07:49:37
660.64,0,0,-7703604,-296634,806163,-87539,359312,446851,0,0,0,0,,0,0,2025-10-17 07:50:37
660.64,0,0,-7634802,-291102,806163,-87539,359312,446851,0,0,0,0,,0,0,2025-10-17 07:51:37
660.64,0,0,-10225040,-353262,806163,-87539,359312,446851,0,0,0,0,,0,0,2025-10-17 07:52:37
660.64,0,0,-10298447,-353262,806163,-87539,359312,446851,0,0,0,0,,0,0,2025-10-17 07:53:37
660.64,0,0,-10275927,-353262,806163,-87539,359312,446851,0,0,0,0,,0,0,2025-10-17 07:54:37
660.64,0,0,-7264941,-236630,806163,-87539,359312,446851,0,0,0,0,,0,0,2025-10-17 07:55:37
660.64,0,0,-7492127,-254968,806163,-87539,359312,446851,0,0,0,0,,0,0,2025-10-17 07:56:37
660.64,0,0,-7288574,-247982,806163,-87539,359312,446851,0,0,0,0,,0,0,2025-10-17 07:57:37
660.64,0,0,-7634802,-291102,806163,-87539,359312,446851,0,0,0,0,,0,0,2025-10-17 07:58:52
660.64,0,0,-6380314,-266111,806163,-87539,359312,446851,0,0,0,0,0,0,0,2025-10-17 08:00:02
660.64,0,0,-6626629,-290302,806163,-87539,359312,446851,0,0,0,0,0,0,0,2025-10-17 08:01:02
660.64,0,0,-6825079,-263352,806163,-87539,359312,446851,0,0,0,0,0,0,0,2025-10-17 08:02:02
660.64,0,0,-5228596,-114019,806163,-87539,359312,446851,0,0,0,0,0,0,0,2025-10-17 08:03:02
660.64,0,0,-6366037,-266111,806163,-87539,359312,446851,0,0,0,0,0,0,0,2025-10-17 08:04:02
660.64,0,0,-6477174,-266111,806163,-87539,359312,446851,0,0,0,0,0,0,0,2025-10-17 08:05:02
660.64,0,0,-4973619,-110572,806163,-87539,359312,446851,0,0,0,0,0,0,0,2025-10-17 08:06:02
660.64,0,0,-3606848,8900,806163,-87539,359312,446851,0,0,0,,0,0,0,2025-10-17 08:07:02
660.64,0,0,-3221125,-4088,806163,-87539,359312,446851,0,0,0,,0,0,0,2025-10-17 08:08:02
660.64,0,0,-2557717,47587,806163,-87539,359312,446851,0,0,0,,0,0,0,2025-10-17 08:09:02
660.64,0,0,-2200148,45862,806163,-87539,359312,446851,0,0,0,,0,0,0,2025-10-17 08:10:17
660.64,0,0,-2602764,35965,806163,-87539,359312,446851,0,0,0,,0,0,0,2025-10-17 08:11:26
660.64,0,0,-2602764,35965,806163,-87539,359312,446851,0,0,0,,0,0,0,2025-10-17 08:12:26
660.64,0,0,-5228596,-114019,806163,-87539,359312,446851,0,0,0,0,0,0,0,2025-10-17 08:13:26
660.64,0,0,-3851788,-38464,806163,-87539,359312,446851,0,0,0,,0,0,0,2025-10-17 08:14:46
660.64,0,0,-2352768,45862,806163,-87539,359312,446851,0,0,0,,0,0,0,2025-10-17 08:16:06
660.64,0,0,-3128290,33018,806163,-87539,359312,446851,0,0,0,,0,0,0,2025-10-17 08:17:06
660.64,0,0,-3499674,15329,806163,-87539,359312,446851,0,0,0,,0,0,0,2025-10-17 08:18:26
660.64,0,0,-2693481,28456,806163,-87539,359312,446851,0,0,0,,0,0,0,2025-10-17 08:19:46
660.64,0,0,-2292130,45862,806163,-87539,359312,446851,0,0,0,,0,0,0,2025-10-17 08:20:46
660.64,0,0,-2013965,40360,806163,-87539,359312,446851,0,0,0,,0,0,0,2025-10-17 08:21:51
660.64,0,0,-1538075,113359,806163,-87539,359312,446851,0,0,0,,0,0,0,2025-10-17 08:22:51
660.64,0,0,-837555,111982,806163,-87539,359312,446851,0,0,0,,0,0,0,2025-10-17 08:23:51
660.64,0,0,-1783102,86343,806163,-87539,359312,446851,0,0,0,,0,0,0,2025-10-17 08:24:51
660.64,0,0,-2200148,45862,806163,-87539,359312,446851,0,0,0,,0,0,0,2025-10-17 08:25:51
660.64,0,0,-2882792,23626,806163,-87539,359312,446851,0,0,0,,0,0,0,2025-10-17 08:26:51
660.64,0,0,-2882792,23626,806163,-87539,359312,446851,0,0,0,,0,0,0,2025-10-17 08:27:51
660.64,0,0,-2557717,47587,806163,-87539,359312,446851,0,0,0,,0,0,0,2025-10-17 08:28:51
660.64,0,0,-2372931,47587,806163,-87539,359312,446851,0,0,0,,0,0,0,2025-10-17 08:29:51
660.64,0,0,-1889038,90335,806163,-87539,359312,446851,0,0,0,,0,0,0,2025-10-17 08:30:51
660.64,0,0,-2200148,45862,806163,-87539,359312,446851,0,0,0,,0,0,0,2025-10-17 08:31:51
660.64,0,0,-3613299,8900,806163,-87539,359312,446851,0,0,0,,0,0,0,2025-10-17 08:33:06
660.64,0,0,-3606848,8900,806163,-87539,359312,446851,0,0,0,,0,0,0,2025-10-17 08:34:16
660.64,0,0,-3032863,27050,806163,-87539,359312,446851,0,0,0,,0,0,0,2025-10-17 08:35:16
660.64,0,0,-2634596,35965,806163,-87539,359312,446851,0,0,0,,0,0,0,2025-10-17 08:36:16
660.64,0,0,-1667929,103483,806163,-87539,359312,446851,0,0,0,,0,0,0,2025-10-17 08:37:16
660.64,0,0,-1338025,111578,806163,-87539,359312,446851,0,0,0,,0,0,0,2025-10-17 08:38:16
660.64,0,0,-1301762,109797,806163,-87539,359312,446851,0,0,0,,0,0,0,2025-10-17 08:39:16
660.64,0,0,-1961306,46914,806163,-87539,359312,446851,0,0,0,,0,0,0,2025-10-17 08:40:16
660.64,0,0,-2354493,45862,806163,-87539,359312,446851,0,0,0,,0,0,0,2025-10-17 08:41:16
660.64,0,0,-2219337,45862,806163,-87539,359312,446851,0,0,0,,0,0,0,2025-10-17 08:42:16
660.64,0,0,-2421728,47587,806163,-87539,359312,446851,0,0,0,,0,0,0,2025-10-17 08:43:16
660.64,0,0,-2653442,35965,806163,-87539,359312,446851,0,0,0,,0,0,0,2025-10-17 08:44:31
660.64,0,0,-2533410,47587,806163,-87539,359312,446851,0,0,0,,0,0,0,2025-10-17 08:45:40
660.64,0,0,-2184603,44137,806163,-87539,359312,446851,0,0,0,,0,0,0,2025-10-17 08:46:40
660.64,0,0,-2827304,23626,806163,-87539,359312,446851,0,0,0,,0,0,0,2025-10-17 08:47:40
660.64,0,0,-2664419,35965,806163,-87539,359312,446851,0,0,0,,0,0,0,2025-10-17 08:48:40
660.64,0,0,-2653442,35965,806163,-87539,359312,446851,0,0,0,,0,0,0,2025-10-17 08:49:40
660.64,0,0,-2219337,45862,806163,-87539,359312,446851,0,0,0,,0,0,0,2025-10-17 08:50:40
660.64,0,0,-2801936,23626,806163,-87539,359312,446851,0,0,0,,0,0,0,2025-10-17 08:51:40
660.64,0,0,-3407833,-13961,806163,-87539,359312,446851,0,0,0,,0,0,0,2025-10-17 08:52:40
660.64,0,0,-4132179,-34671,806163,-87539,359312,446851,0,0,0,0,0,0,0,2025-10-17 08:53:40
660.64,0,0,-3044464,27050,806163,-87539,359312,446851,0,0,0,,0,0,0,2025-10-17 08:54:40
660.64,0,0,-3640681,8900,806163,-87539,359312,446851,0,0,0,,0,0,0,2025-10-17 08:55:55
660.64,0,0,-4537482,-110572,806163,-87539,359312,446851,0,0,0,0,0,0,0,2025-10-17 08:57:05
660.64,0,0,-4329490,-112072,806163,-87539,359312,446851,0,0,0,0,0,0,0,2025-10-17 08:58:05
660.64,0,0,-4675132,-110572,806163,-87539,359312,446851,0,0,0,0,0,0,0,2025-10-17 08:59:05
660.64,0,0,-3679670,8900,806163,-87539,359312,446851,0,0,0,,0,0,0,2025-10-17 09:00:05
660.64,0,0,-4274738,-96975,806163,-87539,359312,446851,0,0,0,0,0,0,0,2025-10-17 09:01:05
660.64,,,0,0,,,,,,,,,,,,2025-10-17 09:01:30
660.64,0,0,-4288241,-112072,806163,-87539,359312,446851,0,0,0,0,0,0,0,2025-10-17 09:02:30
660.64,0,0,-4563014,-110572,806163,-87539,359312,446851,0,0,0,0,0,0,0,2025-10-17 09:03:42
660.64,0,0,-3444873,-13961,806163,-87539,359312,446851,0,0,0,,0,0,0,2025-10-17 09:04:43
660.64,0,0,-4842629,-110572,806163,-87539,359312,446851,0,0,0,0,0,0,0,2025-10-17 09:05:45
660.64,0,0,-3804478,4445,806163,-87539,359312,446851,0,0,0,,0,0,0,2025-10-17 09:06:45
660.64,0,0,-3795558,4445,806163,-87539,359312,446851,0,0,0,,0,0,0,2025-10-17 09:07:47
660.64,0,0,-2219337,45862,806163,-87539,359312,446851,0,0,0,,0,0,0,2025-10-17 09:08:52
660.64,0,0,-2664419,35965,806163,-87539,359312,446851,0,0,0,,0,0,0,2025-10-17 09:09:52
660.64,0,0,-2219337,45862,806163,-87539,359312,446851,0,0,0,,0,0,0,2025-10-17 09:10:52
660.64,0,0,-3003917,27050,806163,-87539,359312,446851,0,0,0,,0,0,0,2025-10-17 09:12:11
660.64,0,0,-2748309,28456,806163,-87539,359312,446851,0,0,0,,0,0,0,2025-10-17 09:13:11
660.64,0,0,-3094642,17243,806163,-87539,359312,446851,0,0,0,,0,0,0,2025-10-17 09:14:11
660.64,0,0,-4036291,-34671,806163,-87539,359312,446851,0,0,0,0,0,0,0,2025-10-17 09:15:11
660.64,0,0,-4777844,-110572,806163,-87539,359312,446851,0,0,0,0,0,0,0,2025-10-17 09:16:11
660.64,0,0,-4563014,-110572,806163,-87539,359312,446851,0,0,0,0,0,0,0,2025-10-17 09:17:11
660.64,0,0,-3499674,15329,806163,-87539,359312,446851,0,0,0,,0,0,0,2025-10-17 09:18:11
660.64,0,0,-3499674,15329,806163,-87539,359312,446851,0,0,0,,0,0,0,2025-10-17 09:19:11
660.64,0,0,-3044464,27050,806163,-87539,359312,446851,0,0,0,,0,0,0,2025-10-17 09:20:11
660.64,0,0,-3169582,-4088,806163,-87539,359312,446851,0,0,0,,0,0,0,2025-10-17 09:21:11
660.64,0,0,-3275586,-13961,806163,-87539,359312,446851,0,0,0,,0,0,0,2025-10-17 09:22:11
660.64,0,0,-3577558,8900,806163,-87539,359312,446851,0,0,0,,0,0,0,2025-10-17 09:23:16
660.64,0,0,-3327488,-13961,806163,-87539,359312,446851,0,0,0,,0,0,0,2025-10-17 09:24:16
660.64,0,0,-3499674,15329,806163,-87539,359312,446851,0,0,0,,0,0,0,2025-10-17 09:25:16
660.64,0,0,-3470384,15329,806163,-87539,359312,446851,0,0,0,,0,0,0,2025-10-17 09:26:16
660.64,0,0,-3986685,-34671,806163,-87539,359312,446851,0,0,0,,0,0,0,2025-10-17 09:27:16
660.64,0,0,-3813001,4445,806163,-87539,359312,446851,0,0,0,,0,0,0,2025-10-17 09:28:16
660.64,0,0,-4167791,-80079,806163,-87539,359312,446851,0,0,0,0,0,0,0,2025-10-17 09:29:16
660.115,3011,1902,-4153667,-164173,806163,-87539,359312,446851,1109,0,0,109845.69,83608.91,95744,-62090,2025-10-17 09:30:16
658.805,17757,19105,-7705520,-367385,806163,-87539,359312,446851,-1348,0,0,675569.84,868925.11,439115,-708057,2025-10-17 09:31:16
659.88,36265,38783,-4561018,-225257,806163,-87539,359312,446851,-2518,0,0,1377479.64,1777179.51,1062771,-1223166,2025-10-17 09:32:32
659.36,49356,52839,-5959385,-265967,806163,-87539,359312,446851,-3483,0,0,1916178.5,2450727.02,1392330,-1765012,2025-10-17 09:33:32
660.422,60789,63574,-2839600,-144086,806163,-87539,359312,446851,-2785,0,0,2281225.49,2842234.58,2020562,-1803053,2025-10-17 09:34:32
660.69,75934,74895,-2175539,-127956,806163,-87539,359312,446851,1039,0,0,2869303.52,3368270.02,2604870,-2097333,2025-10-17 09:35:32
660.49,92104,85362,-2871047,-163525,806163,-87539,359312,446851,6742,151225.5,0,3673981.27,3803100.63,3128308,-2476407,2025-10-17 09:36:32
660.57,99369,92290,-2474079,-137829,806163,-87539,359312,446851,7079,404535,91609.5,3801073.62,4159334.25,3350289,-2685312,2025-10-17 09:37:32
661.04,118790,101873,-1282699,-120565,806163,-87539,359312,446851,16917,1247079,271362,4610343.9,4557073.46,4258009,-2795003,2025-10-17 09:38:32
659.98,134552,117336,-4168501,-225257,806163,-87539,359312,446851,17216,1445622,700895,5366002.49,5403467.22,4184448,-3758802,2025-10-17 09:39:36
659.6856,147318,130274,-4958735,-225257,806163,-87539,359312,446851,17044,1680045,1179189,5727752.69,5970861.94,4373529,-4354513,2025-10-17 09:40:37
659.42,157394,142358,-5708875,-275229,806163,-87539,359312,446851,15036,1988002.5,1699126,6194000,6471958.63,4487471,-4909916,2025-10-17 09:41:37
659.47,167760,155385,-5363050,-304519,806163,-87539,359312,446851,12375,2656000,2388440,6626865.12,7139872.79,4870560,-5365881,2025-10-17 09:42:38
658.95,175059,164973,-7109916,-306621,806163,-87539,359312,446851,10086,2871613,3148164,7112088.35,7472256.96,4774020,-6080444,2025-10-17 09:43:39
658.3003,188942,188685,-8691388,-391028,806163,-87539,359312,446851,257,3268748.5,6249287.5,7733825.47,8751652.44,4686609,-7422528,2025-10-17 09:44:39
658.64,200647,204397,-7869708,-367385,806163,-87539,359312,446851,-3750,4026525.5,7749036,8011410.61,9275226.28,5223547,-7768089,2025-10-17 09:45:41
658.7,215172,219967,-7650586,-367385,806163,-87539,359312,446851,-4795,5077464,9319604,8612317.6,9988303.6,5670130,-8282113,2025-10-17 09:46:55
659.19,227818,234165,-6469354,-304885,806163,-87539,359312,446851,-6347,6183332.5,9824776,8712779.45,10756771.06,6266116,-8304810,2025-10-17 09:47:55
660.4,247922,247978,-3251157,-119537,806163,-87539,359312,446851,-56,9728144,8795883,9377424.3,11108060.79,8160102,-7559571,2025-10-17 09:48:59
660.095,261920,260646,-4114367,-194193,806163,-87539,359312,446851,1274,10621982.5,10448392.5,10162800.12,11838839.74,8325324,-8291742,2025-10-17 09:49:59
660.39,270957,268040,-3449544,-191745,806163,-87539,359312,446851,2917,11930921.5,10136083,10345256,12009106.3,8902377,-8252874,2025-10-17 09:50:59
660.96,282732,278301,-1532495,-107676,806163,-87539,359312,446851,4431,14334422.5,9628977,10584798.13,12337601.13,10021169,-7831785,2025-10-17 09:51:59
661.245,297910,288295,-710165,-77909,806163,-87539,359312,446851,9615,16624974,10254076.5,10997520.41,13020343.84,10909263,-7952538,2025-10-17 09:52:59
661.69,322679,302428,409013,18311,806163,-87539,359312,446851,20251,21828736.5,10197021.5,12425356.88,13658593.21,12469926,-7901742,2025-10-17 09:53:59
661.71,350241,315064,588824,-8639,806163,-87539,359312,446851,35177,26079592,11065117,13469433.98,14165897.06,13563802,-8280891,2025-10-17 09:54:59
662.05,376281,329420,1664266,29425,806163,-87539,359312,446851,46861,31508808,11079610.5,14251829.41,14577855.08,15073838,-8176496,2025-10-17 09:55:59
662.36,393743,337588,2395804,68844,806163,-87539,359312,446851,56155,35539347,11177920,14645444.88,15164996.76,16145810,-8101334,2025-10-17 09:56:59
661.86,410582,347751,983627,34556,806163,-87539,359312,446851,62831,35301231.5,13247148,15456562.49,15528713.95,15837150,-8999920,2025-10-17 09:57:59
661.35,423758,359470,-558517,-129989,806163,-87539,359312,446851,64288,33445226.5,15446014,15812972.03,15808272.73,15194990,-9980591,2025-10-17 09:58:59
660.67,435253,373668,-2575699,-146405,806163,-87539,359312,446851,61585,31082690,19803205.5,16339533.89,16484505.2,14227154,-11531907,2025-10-17 09:59:59
659.81,450026,389273,-4798514,-129290,806163,-87539,359312,446851,60753,28397458,26265766.5,17176714.12,17398145.91,13120200,-13419991,2025-10-17 10:00:59
660.36,461480,403354,-3328462,-149757,806163,-87539,359312,446851,58126,33013258,25995028.5,17470828.57,18168176.06,14521105,-13133163,2025-10-17 10:01:59
661.43,478954,413938,-229198,-70882,806163,-87539,359312,446851,65016,44369479.5,22363387.5,18273501.11,18776453.64,17572526,-11683994,2025-10-17 10:02:59
661.19,491577,420741,-869393,-83390,806163,-87539,359312,446851,70836,44407984,23771765,18862718.66,18872499.96,17449658,-12260023,2025-10-17 10:03:59
660.96,503380,426151,-1534354,-149182,806163,-87539,359312,446851,77229,44791297.5,25159279.5,19533342.8,18960164.9,17411057,-12716039,2025-10-17 10:05:00
661.4094,513582,435617,-176443,-43136,806163,-87539,359312,446851,77965,48132851.5,24460030.5,19254569.86,19550710.65,18671000,-12275149,2025-10-17 10:06:00
661.35,520415,441695,-466487,-98157,806163,-87539,359312,446851,78720,50105290,25239916,19889241,19780733.97,18867862,-12611743,2025-10-17 10:07:00
661.0145,526109,447364,-1475837,-139306,806163,-87539,359312,446851,78745,47999300.5,27986709,20256339.61,20181660.7,18139397,-13377770,2025-10-17 10:08:00
661.05,534476,454760,-1362046,-91224,806163,-87539,359312,446851,79716,48876041,29373679,20400332.45,20614580.16,18513797,-13584744,2025-10-17 10:09:14
661.05,540526,460134,-1214871,-82160,806163,-87539,359312,446851,80392,49181582.5,30018809,20401733.36,20818023.63,18679106,-13763888,2025-10-17 10:10:24
660.895,544631,465450,-1798059,-177387,806163,-87539,359312,446851,79181,50443502,30995047,21202752.89,20748009.74,18568706,-14254100,2025-10-17 10:11:24
661.95,558364,476268,1013332,58469,806163,-87539,359312,446851,82096,63078344,25305444.5,21473971.22,20815990.35,21639285,-12428530,2025-10-17 10:12:24
662.54,639973,386994,222592,342357,726513,125089,425801,300712,252979,72482264,24118834,23850748.22,16769454.88,23608308,-11245539,2025-10-17 10:13:24
663.11,673845,396137,1858130,364370,726513,125089,425801,300712,277708,83849872,22284702,24680690.08,17214477.48,26887808,-10561787,2025-10-17 10:14:24
663.415,698526,409109,2652311,482938,726513,125089,425801,300712,289417,91323073,22106031.5,25087220.33,17806591.02,28813152,-10417643,2025-10-17 10:15:24
663.56,718318,417255,3029330,476445,726513,125089,425801,300712,301063,97544408,21521134.5,25838849.12,17949258.01,29927805,-10282568,2025-10-17 10:16:24
662.61,735693,427833,249854,425958,726513,125089,425801,300712,307860,87363513.5,27438839.5,27440608.26,,27225256,-12363296,2025-10-17 10:17:24
662.2,667199,551352,1786190,135,806163,-87539,359312,446851,115847,78907411,33787768.5,24425278.35,24808823.31,26236895,-14529936,2025-10-17 10:18:24
662.22,675229,557761,2062512,59304,806163,-87539,359312,446851,117468,80507222.5,33791545,24644856.4,24811747.27,26771877,-14455036,2025-10-17 10:19:24
662.62,766771,457150,711017,364455,726513,125089,425801,300712,309621,90207763,31366593.5,28069231.52,19397806.42,28535145,-13255498,2025-10-17 10:20:39
661.72,700269,577388,460267,3326,806163,-87539,359312,446851,122881,80179299,39852624,26721326.48,25337764.4,26094263,-16289584,2025-10-17 10:21:49
661.97,709403,585151,1283669,29425,806163,-87539,359312,446851,124252,84284943,39496349,26599080.99,25910529.57,27266414,-16069073,2025-10-17 10:22:49
661.85,714721,602383,841443,63743,806163,-87539,359312,446851,112338,82616321,40801539,26714598.89,26598282.38,26916710,-16581964,2025-10-17 10:23:49
662.49,720607,607047,2637731,67999,806163,-87539,359312,446851,113560,94334671.5,35589937,26835150.02,26575959.78,29320381,-15158703,2025-10-17 10:24:49
662.057,725620,612975,1424917,20088,806163,-87539,359312,446851,112645,88354605.5,39521332,27285548.06,26544640.85,28070474,-16331803,2025-10-17 10:25:49
662.47,729244,618153,2515998,65072,806163,-87539,359312,446851,111091,95546650,37139802,27218605.08,26998705.39,29568350,-15584155,2025-10-17 10:26:49
662.785,824037,494791,947361,364770,726513,125089,425801,300712,329246,99697482,34895548,29237611.5,20850165.14,30881074,-14210917,2025-10-17 10:27:49
662.46,741543,627194,2469998,71626,806163,-87539,359312,446851,114349,95992653.5,38457035.5,27302296.8,27395845.76,29941998,-15914238,2025-10-17 10:28:49
662.22,744701,631397,1866842,70177,806163,-87539,359312,446851,113304,90483508.5,41135813,27024398.84,27637270.22,29064988,-16594089,2025-10-17 10:29:49
662.04,748140,637146,1250180,49132,806163,-87539,359312,446851,110994,89727083,42301000.5,27744663.1,27427402.51,28549954,-17093074,2025-10-17 10:30:49
662.05,755797,645324,1471397,76628,806163,-87539,359312,446851,110473,88932772.5,43561355.5,27325151.17,27950556.27,28830714,-17307411,2025-10-17 10:32:04
661.55,766275,653767,-152262,-35433,806163,-87539,359312,446851,112508,81799440,49437433,27935691.76,28134229.27,27197843,-18893484,2025-10-17 10:33:13
661.46,776002,664108,-213434,-64477,806163,-87539,359312,446851,111894,80827322.5,52292190,28052681.29,28675321.33,27163040,-19569043,2025-10-17 10:34:13
660.92,783981,674130,-1862543,-86997,806163,-87539,359312,446851,109851,74594677,60039537.5,28850525.56,29036054.92,25502814,-21411449,2025-10-17 10:35:13
660.51,797149,695539,-3062033,-137792,806163,-87539,359312,446851,101610,70621803,68559002.5,29669374.52,29879169.51,24349220,-23542142,2025-10-17 10:36:13
660.45,803735,710753,-3027375,-157476,806163,-87539,359312,446851,92982,70358959,73462467.5,29952820.86,30994761.06,24551771,-24124904,2025-10-17 10:37:13
660.48,810860,723005,-2947307,-167593,806163,-87539,359312,446851,87855,71667966.5,76621498,30210643.21,32079674.24,24822785,-24596477,2025-10-17 10:38:13
660.66,818121,731189,-2377478,-134142,806163,-87539,359312,446851,86932,73170058.5,74271485.5,29871334.92,32122187.78,25478454,-24271290,2025-10-17 10:39:13
660.51,829667,740195,-3166587,-137792,806163,-87539,359312,446851,89472,73146276,75955207,30579976.8,31965401.98,25142302,-25150806,2025-10-17 10:40:14
660.22,836762,753542,-3743119,-140543,806163,-87539,359312,446851,83220,69051153,83736180.5,30794395.34,32953468.14,24270955,-26410528,2025-10-17 10:41:14
660.69,845287,762434,-2822618,-67134,806163,-87539,359312,446851,82853,78331434,74518115.5,31260445.61,,26283184,-25106871,2025-10-17 10:42:14
661.38,860239,775966,-467946,-58443,806163,-87539,359312,446851,84273,90514782,66312891,31015115.76,33015559.85,29538872,-23036686,2025-10-17 10:43:28
660.61,872086,785746,-2800738,-105692,806163,-87539,359312,446851,86340,78978784,79593803,31930260.47,33519144.22,26679678,-26143648,2025-10-17 10:44:38
660.44,879783,797346,-3241359,-138278,806163,-87539,359312,446851,82437,76494818.5,85369864.5,32037923.55,34538628.69,26253786,-27174929,2025-10-17 10:45:38
660.81,887296,804511,-1823304,-103893,806163,-87539,359312,446851,82785,85036098,77554520.5,32113946.47,34419707.67,28324290,-25634949,2025-10-17 10:46:38
660.83,891790,810891,-2266706,-75443,806163,-87539,359312,446851,80899,85582867,78552178,32736617.33,34298552.13,28164826,-26273947,2025-10-17 10:47:38
661.43,896722,817823,-414026,-4555,806163,-87539,359312,446851,78899,95350753.5,69794206.5,32199927,34540606.69,30795206,-24082448,2025-10-17 10:48:38
661.48,903966,823949,34012,-32914,806163,-87539,359312,446851,80017,97459139,68824225,32164882.66,34877712.8,31572542,-23872055,2025-10-17 10:49:38
661.44,908180,828663,-336673,-37226,806163,-87539,359312,446851,79517,96909922,71080238.5,32530374.45,35242899.91,31309835,-24380328,2025-10-17 10:50:38
661.05,918821,835329,-1315038,-73165,806163,-87539,359312,446851,83492,90375163.5,79678823,32996694.98,35945839.41,29967171,-26184931,2025-10-17 10:51:38
660.93,921594,839599,-1783997,-103893,806163,-87539,359312,446851,81995,88847123.5,81121969,33245042.65,35815607.69,29482913,-26621564,2025-10-17 10:52:38
661.005,924546,846278,-1568354,-114876,806163,-87539,359312,446851,78268,90642339,80873913,33275438.8,36281747.09,29861377,-26661610,2025-10-17 10:53:38
660.97,930572,851199,-1806296,-102096,806163,-87539,359312,446851,79373,89810417.5,81868903,33485448.01,36377442.31,29756538,-27086756,2025-10-17 10:54:53
660.19,938942,862533,-3972160,-148154,806163,-87539,359312,446851,76409,78514789.5,98564759.5,34601229.96,37041313.67,26873800,-30583828,2025-10-17 10:56:03
659.74,950837,883261,-5084762,-268878,806163,-87539,359312,446851,67576,71212106.5,114072543.5,34847457.84,38668090.05,25406198,-33103228,2025-10-17 10:57:03
659.62,957450,894504,-5516415,-257321,806163,-87539,359312,446851,62946,71048017.5,116307179.5,35411274.58,38489485.56,25079691,-33964500,2025-10-17 10:58:03
659.59,966620,909238,-5544380,-265656,806163,-87539,359312,446851,57382,70686248.5,119679923.5,35596148.71,39112908.4,25177077,-34538822,2025-10-17 10:59:03
659.6,970632,914860,-5589071,-263981,806163,-87539,359312,446851,55772,70245991.5,119581378.5,35492869.48,39195746.57,25165346,-34757167,2025-10-17 11:00:03
659.7,977484,925177,-5297041,-268878,806163,-87539,359312,446851,52307,72582369.5,119746428,35571127.06,39901205.45,25664929,-34732787,2025-10-17 11:01:03
660.0799,985247,935503,-4120593,-221303,806163,-87539,359312,446851,49744,80864414.5,111053681,35857458.14,39959610.78,27802476,-33203668,2025-10-17 11:02:03
660.95,992025,943818,-1719488,-95811,806163,-87539,359312,446851,48207,98112306,91425409,35470886.03,39697615.03,31873349,-29672626,2025-10-17 11:03:03
660.76,1007406,952769,-1991071,-105853,806163,-87539,359312,446851,54637,95516706,101034975.5,35953391.85,41382912.93,31628050,-30901861,2025-10-17 11:04:03
661.01,1013332,959170,-1493852,-101266,806163,-87539,359312,446851,54162,101802215.5,93342842.5,36107907.76,40804034.23,32865922,-29851720,2025-10-17 11:05:03
661.31,1022130,964446,-817182,-58831,806163,-87539,359312,446851,57684,107550495,90079724.5,36033337.33,41443406.93,34173404,-29150296,2025-10-17 11:06:17
661.4995,1034821,973328,-83801,-32812,806163,-87539,359312,446851,61493,115927990.5,84092309,36557346.73,41149751.58,36115096,-28044444,2025-10-17 11:07:27
660.85,1040517,976871,-2291896,-182756,806163,-87539,359312,446851,63646,104566999.5,95300075.5,37947817.66,,32959742,-31227697,2025-10-17 11:08:27
660.79,1044247,981977,-2510552,-137079,806163,-87539,359312,446851,62270,102263263,97675405.5,37702171.69,,32752762,-31714573,2025-10-17 11:09:27
661.39,1051555,986509,-404779,-38827,806163,-87539,359312,446851,65046,112653729,89096447.5,36488094,42214199.71,35850543,-29102933,2025-10-17 11:10:27
660.62,1059034,991099,-2710447,-186993,806163,-87539,359312,446851,67935,97393582,105196329.5,37496998.83,42200556.67,32052828,-32732977,2025-10-17 11:11:27
660.05,1066772,1001959,-4387997,-228584,806163,-87539,359312,446851,64813,86992576.5,121838825,38390939.25,42953690.57,29654628,-36072099,2025-10-17 11:12:27
659.72,1073378,1015010,-5238113,-249689,806163,-87539,359312,446851,58368,83107488.5,132698671.5,39264577.77,43695506.43,28417782,-37970024,2025-10-17 11:13:27
659.53,1079268,1024097,-5846806,-286916,806163,-87539,359312,446851,55171,80270136,137441839,39598478.06,43551321.81,27688012,-39136217,2025-10-17 11:14:27
659.305,1088807,1040084,-6678141,-325978,806163,-87539,359312,446851,48723,78576445,145112445,40479832.46,,26988705,-40965519,2025-10-17 11:15:27
659.45,1098191,1050753,-6067410,-281508,806163,-87539,359312,446851,47438,81547977.5,145038248.5,40565721.73,44960211.47,27713142,-40522220,2025-10-17 11:16:27
659.82,1110190,1060059,-4933279,-336442,806163,-87539,359312,446851,50131,88275284.5,132501246,40300680.39,44353622.48,29733759,-38908492,2025-10-17 11:17:42
659.54,1116461,1067638,-5929361,-282461,806163,-87539,359312,446851,48823,83581964.5,144267672.5,40828696.49,,28581322,-40727599,2025-10-17 11:18:52
659.27,1123207,1074409,-6510117,-339127,806163,-87539,359312,446851,48798,80358157.5,153900048.5,41574683.44,45990351.52,27684353,-42462873,2025-10-17 11:19:52
659.26,1127735,1083659,-6772191,-319678,806163,-87539,359312,446851,44076,81213205,156582315.5,42027692.41,,27580166,-42990283,2025-10-17 11:20:52
658.9701,1135045,1096950,-7387323,-364575,806163,-87539,359312,446851,38095,77140221,168536733.5,42644521.97,47340731.21,26449377,-44904926,2025-10-17 11:21:52
658.95,1143720,1108961,-7462939,-360948,806163,-87539,359312,446851,34759,77095497.5,170907326.5,42906977.15,47665842.74,26694356,-45573826,2025-10-17 11:22:52
658.85,1147406,1120432,-7688766,-379672,806163,-87539,359312,446851,26974,75582390,175169098,43102313.79,48096361.08,26363604,-46551921,2025-10-17 11:23:52
658.94,1151448,1129015,-7414700,-364575,806163,-87539,359312,446851,22433,77441889.5,173968933.5,43186302.07,48631744.93,26923194,-46263577,2025-10-17 11:24:52
658.72,1156604,1140081,-7964580,-399681,806163,-87539,359312,446851,16523,74036199,184076126,43512605.73,49369803.17,25935322,-47932623,2025-10-17 11:25:52
659.56,1164603,1151044,-5613036,-266887,806163,-87539,359312,446851,13559,88558045,155894319,42622325.48,49444156.04,30077964,-43465403,2025-10-17 11:26:52
659.35,1171311,1159756,-6221493,-346819,806163,-87539,359312,446851,11555,85991935,165395298,43426002.75,50170443.47,29151071,-45160741,2025-10-17 11:27:52
659.05,1174713,1165830,-7033708,-362149,806163,-87539,359312,446851,8883,80555794.5,174522139,43869018.27,50016450.65,27758140,-46835124,2025-10-17 11:29:07
659.62,1181406,1171734,-5546071,-230554,806163,-87539,359312,446851,9672,91898196,155864543.5,43502151.94,50098321.74,30702265,-43897994,2025-10-17 11:30:17
659.52,1187854,1177642,-5762012,-261173,806163,-87539,359312,446851,10212,90007008,156946420.5,43630926.41,49668158.49,30395798,-44425084,2025-10-17 11:31:17
659.05,1194576,1183898,-7079908,-390354,806163,-87539,359312,446851,10678,82029019.5,175490908,44497211.63,,28250183,-47538481,2025-10-17 11:32:17
659.02,1202616,1188696,-7030145,-344722,806163,-87539,359312,446851,13920,81108692.5,179640946.5,44628647.06,51297068.99,28219718,-47865888,2025-10-17 11:33:17
659.0129,1208604,1195036,-7063829,-409984,806163,-87539,359312,446851,13568,80394849,178840334,44463393.04,51122081.25,28172987,-47996203,2025-10-17 11:34:17
659.14,1211340,1200061,-6756285,-332121,806163,-87539,359312,446851,11279,82574705.5,173792953,44349986.48,51149480.77,28835421,-47649741,2025-10-17 11:35:17
658.53,1217306,1206402,-8662223,-418647,806163,-87539,359312,446851,10904,74573631,197019561.5,46062931.29,,26327905,-51540412,2025-10-17 11:36:17
658.475,1229183,1224943,-8535816,-416295,806163,-87539,359312,446851,4240,73504544.5,204674447.5,46186451.11,52766517.81,26309724,-52546271,2025-10-17 11:37:17
658.45,1236588,1236372,-8658249,-416295,806163,-87539,359312,446851,216,73354267,204923126,46429628.14,52828350.1,26177733,-53040306,2025-10-17 11:38:17
659.19,1242340,1255611,-6677423,-331599,806163,-87539,359312,446851,-13271,85556653.5,182095992.5,45274484.02,54598052.86,29879142,-49008466,2025-10-17 11:39:17
660.17,1261396,1270572,-4178828,-187521,806163,-87539,359312,446851,-9176,112627073.5,143027263,45594222.76,,36094834,-43096258,2025-10-17 11:40:31
660.5,1276028,1282090,-2924630,-208471,806163,-87539,359312,446851,-6062,121184586,138555578.5,45293444.7,55484798.44,38430700,-41341411,2025-10-17 11:41:41
660.44,1285036,1289224,-3310555,-184024,806163,-87539,359312,446851,-4188,122312551.5,138554610.5,46214302.36,55153367.88,38256783,-41969190,2025-10-17 11:42:41
660.13,1290235,1295261,-4198737,-234263,806163,-87539,359312,446851,-5026,114603044,149210338.5,46706068.8,55444300.13,36669299,-44249799,2025-10-17 11:43:41
660.64,1297604,1301567,-2604987,-157575,806163,-87539,359312,446851,-3963,127684730,131892036.5,46167577.83,55372576.18,40037507,-40948574,2025-10-17 11:44:41
660.265,1303262,1305319,-4253138,-174819,806163,-87539,359312,446851,-2057,122513009.5,138263885,47995966.79,,37580267,-43507395,2025-10-17 11:45:41
660.53,1307629,1310878,-3273752,-166111,806163,-87539,359312,446851,-3249,121910447.5,135376826.5,46371714.45,,38761732,-42191306,2025-10-17 11:46:41
660.5,1317677,1317025,-2982743,-197461,806163,-87539,359312,446851,652,125091028,134532852,46851201.77,55062204.33,39529653,-42016628,2025-10-17 11:47:41
661.07,1329158,1325983,-1196129,-98973,806163,-87539,359312,446851,3175,139523067,114234068,45617638.4,54513729.98,43594117,-38331556,2025-10-17 11:48:41
661.3,1339954,1334745,-455911,-33934,806163,-87539,359312,446851,5209,147807667.5,107574383.5,45803077.25,54555852.83,45574392,-36744261,2025-10-17 11:49:41
661.05,1354493,1344448,-1228363,-98973,806163,-87539,359312,446851,10045,142007457.5,115644772.5,46490703.07,55438810.13,44504411,-38814775,2025-10-17 11:50:41
661.34,1363891,1355965,-428084,-41729,806163,-87539,359312,446851,7926,150657853,108261268.5,46323674.34,55775508.81,46868714,-37310592,2025-10-17 11:51:56
661.45,1370040,1361451,-229336,-46113,806163,-87539,359312,446851,8589,155731211,104944435.5,46787642.69,55756900.49,47512435,-36659965,2025-10-17 11:53:06
661.4714,1380569,1368819,-423772,41246,806163,-87539,359312,446851,11750,162547187,98396070,48332949.15,,48157599,-36191058,2025-10-17 11:54:06
661.343143,1384299,1375260,-484720,-39801,806163,-87539,359312,446851,9039,152062702,107429834,47047061.9,55950488.69,47103370,-37469855,2025-10-17 11:55:06
661.64,1389968,1381211,345556,40223,806163,-87539,359312,446851,8757,164286624.5,99686471.5,47142493.06,56406134.46,49465524,-35670261,2025-10-17 11:56:06
662.13,1404032,1388807,1866485,114796,806163,-87539,359312,446851,15225,181692004.5,88250135,46359676.56,57219137.43,54098284,-32720586,2025-10-17 11:57:06
662.16,1413659,1397799,1778030,138996,806163,-87539,359312,446851,15860,183948817,86002482.5,46487234.15,57077931.02,54518252,-32744317,2025-10-17 11:58:06
662.08,1421236,1405373,1725147,110821,806163,-87539,359312,446851,15863,179000654.5,89145862,46188492.36,57638440.14,54307601,-33362769,2025-10-17 11:59:06
661.66,1427448,1412407,53894,31038,806163,-87539,359312,446851,15041,169284103.5,100163796.5,48268677.59,,50811113,-36345640,2025-10-17 12:00:06
662.26,1434450,1423752,2133963,134596,806163,-87539,359312,446851,10698,191808842,85206829.5,47435240.88,58284786.56,56111051,-32424932,2025-10-17 12:01:06
662.1851,1441210,1427130,1851108,112046,806163,-87539,359312,446851,14080,188556444,87743466,47504806.82,58660037.92,55575825,-33285054,2025-10-17 12:02:06
662.7,1613075,1182890,366847,315558,726513,125089,425801,300712,430185,212906104,74284161,51886490.6,,60740517,-29253942,2025-10-17 12:03:21
662.6,1625105,1192186,50092,332239,726513,125089,425801,300712,432919,211253059.5,76413713,52540977.48,,60293134,-30073214,2025-10-17 12:04:31
662.6,1633500,1197797,-78442,357637,726513,125089,425801,300712,435703,211736563,77976735.5,53093388.59,,60224087,-30265661,2025-10-17 12:05:31
662.95,1641237,1203531,1116467,381500,726513,125089,425801,300712,437706,224549681.5,72072149,51602588.1,47272395.18,63977960,-28565173,2025-10-17 12:06:31
662.86,1650400,1210141,741852,324755,726513,125089,425801,300712,440259,222911891.5,71516975.5,52575616.12,,63152249,-28881096,2025-10-17 12:07:31
662.89,1655977,1216259,890102,396568,726513,125089,425801,300712,439718,224908270,74085961.5,52690012.59,47747793.32,63966665,-29281562,2025-10-17 12:08:31
663.105,1661801,1220454,1442619,332139,726513,125089,425801,300712,441347,235863008.5,70308903,52567936.35,48221949.66,65938960,-28402959,2025-10-17 12:09:31
662.93,1673845,1225162,884811,384175,726513,125089,425801,300712,448683,230644902.5,73505804.5,53884770.09,,64833176,-29457814,2025-10-17 12:10:31
662.85,1683526,1233000,681819,386469,726513,125089,425801,300712,450526,226072194,78194179.5,53814477.65,,64191114,-30630273,2025-10-17 12:11:31
662.78,1689681,1235817,445396,343569,726513,125089,425801,300712,453864,224280087,78452227,54657205.06,,63836347,-31019689,2025-10-17 12:12:31
662.8,1695251,1240100,351742,331947,726513,125089,425801,300712,455151,226570864,80449512,55231572.78,,63813800,-31224460,2025-10-17 12:13:31
662.52,1702289,1249025,-562646,340945,726513,125089,425801,300712,453264,216076497.5,88817138.5,56389412.63,,61321748,-33557728,2025-10-17 12:14:45
663.3118,1713699,1258537,1779705,412706,726513,125089,425801,300712,455162,254197075,70482399.5,54887085.85,50826863.06,69390022,-28849341,2025-10-17 12:15:55
663.1012,1721415,1262655,1019513,400502,726513,125089,425801,300712,458760,245925112.5,73546298.5,56040246.42,,67435373,-29762773,2025-10-17 12:16:55
662.8907,1729191,1266450,550345,315973,726513,125089,425801,300712,462741,234542981,79160730,56503368.15,,65725952,-31449254,2025-10-17 12:17:55
662.351,1576066,1547159,1811176,211936,806163,-87539,359312,446851,28907,208863914,99757196,52853176.51,67807993.23,61160698,-37104895,2025-10-17 12:18:55
662.49,1581215,1557039,2320990,169148,806163,-87539,359312,446851,24176,213653028.5,94577793.5,52028958.71,67867969.8,62387275,-36174672,2025-10-17 12:19:55
662.77,1749061,1287777,86350,354435,726513,125089,425801,300712,461284,227490924,84774207,56931851.7,51931430.97,64810037,-33210161,2025-10-17 12:20:55
662.7,1754729,1290511,-7658,319361,726513,125089,425801,300712,464218,223406604.5,86432683,56952239.61,52075417.94,64844945,-33679761,2025-10-17 12:21:55
662.459,1594616,1568364,2366328,169148,806163,-87539,359312,446851,26252,212184356,95686216,52644942.37,68321021.1,62859919,-36548220,2025-10-17 12:22:55
663.02,1761315,1297012,900888,459940,726513,125089,425801,300712,464303,239338870,77382265.5,56304494.05,52114341.7,67838188,-31468770,2025-10-17 12:23:55
662.85,1765582,1301643,425347,358408,726513,125089,425801,300712,463939,231650850,80984642,57010223.49,,66459671,-32748608,2025-10-17 12:24:55
663.25,1774523,1309375,1620582,364757,726513,125089,425801,300712,465148,251323060,71688099.5,56066157.01,52343615.62,70791286,-30132502,2025-10-17 12:26:10
662.86,1784237,1317174,507007,358408,726513,125089,425801,300712,467063,231692286,81630031.5,57554349.66,52505115.68,67039080,-32974915,2025-10-17 12:27:20
663.16,1790391,1320436,1465034,431780,726513,125089,425801,300712,469955,245928027.5,75162953.5,56389211.21,53160354.05,70616118,-31283753,2025-10-17 12:28:20
663.13,1793284,1322821,1290107,409815,726513,125089,425801,300712,470463,244983511,74767432.5,56724192.45,52903347.8,70272423,-31480784,2025-10-17 12:29:20
663.3,1797351,1328251,1649884,415767,726513,125089,425801,300712,469100,258142298.5,69273432.5,57703714.55,,71804757,-29850704,2025-10-17 12:30:20
663.51,1812559,1338960,2549801,463086,726513,125089,425801,300712,473599,266394680.5,65794024,56262482.88,,75163486,-28651617,2025-10-17 12:31:20
663.3301,1816578,1342661,1839732,428962,726513,125089,425801,300712,473917,258567617.5,69570916,57454374.28,,73012303,-30019505,2025-10-17 12:32:20
663.05,1825149,1348133,984104,392328,726513,125089,425801,300712,477016,241422645.5,77383709,57538449.87,,70182841,-32430162,2025-10-17 12:33:20
663,1832895,1353223,732093,344255,726513,125089,425801,300712,479672,239240430,78495984.5,57719428.33,,69616729,-32775318,2025-10-17 12:34:20
662.65,1837277,1357181,-293602,374832,726513,125089,425801,300712,480096,222731860.5,85750272,58868647.92,,66059090,-35223340,2025-10-17 12:35:20
662.72,1842491,1363923,28472,363195,726513,125089,425801,300712,478568,223806607.5,84584388.5,57964112.24,53873518.4,67159689,-34730509,2025-10-17 12:36:20
663.11,1848918,1370929,1202991,407820,726513,125089,425801,300712,477989,244420194,73896489,57600779.91,53696171.52,71600958,-32051540,2025-10-17 12:37:35
662.96,1855066,1377929,504595,374675,726513,125089,425801,300712,477137,236693775,79078556,58958389.18,,69399428,-33922187,2025-10-17 12:38:44
662.76,1857891,1381382,581567,354448,726513,125089,425801,300712,476509,220152856.5,87033524,57136077.89,,68494833,-35206529,2025-10-17 12:39:44
662.66,1861662,1386062,-74295,383456,726513,125089,425801,300712,475600,220878154,87356059,59286350.57,,66951003,-35706834,2025-10-17 12:40:45
662.45,1700428,1682660,2411231,183848,806163,-87539,359312,446851,17768,210359211.5,96831820.5,54932164.45,72254988.05,65313224,-38933637,2025-10-17 12:41:45
662.34,1706674,1692776,2132126,64991,806163,-87539,359312,446851,13898,202151551,102883796.5,54190307.46,73431247.6,63968294,-40463594,2025-10-17 12:42:45
662.15,1712443,1701399,1189870,61502,806163,-87539,359312,446851,11044,195526835.5,104477009,55444290.56,,62198724,-41762358,2025-10-17 12:43:45
662.23,1717062,1712171,2232233,126452,806163,-87539,359312,446851,4891,191571959.5,105323606.5,,73582520.73,63711042,-41044733,2025-10-17 12:44:45
661.685,1723551,1725172,214928,28890,806163,-87539,359312,446851,-1621,171959818,119987176.5,55129860.05,72196344.28,57614324,-45729413,2025-10-17 12:45:45
661.99,1729643,1735144,1039785,71873,806163,-87539,359312,446851,-5501,185016078.5,109807235,54866815.34,72292770.76,60780699,-43662090,2025-10-17 12:46:45
662.35,1734074,1741926,2084693,116675,806163,-87539,359312,446851,-7852,202799602,99366336.5,54919412.13,72837253.92,64832640,-40892687,2025-10-17 12:47:45
663.08,1913971,1451738,1187509,363384,726513,125089,425801,300712,462233,247030540,76942183,59843059.34,,73409279,-33779661,2025-10-17 12:48:59
663.25,1921693,1459649,1829173,360860,726513,125089,425801,300712,462044,253688434,74175406,58694954.6,57252342.24,76108882,-33038661,2025-10-17 12:50:09
663.0005,1934525,1473523,767364,367606,726513,125089,425801,300712,461002,249827247.5,79766323.5,62772269.36,,73058567,-35216156,2025-10-17 12:51:09
662.41,1771054,1781721,2474344,120634,806163,-87539,359312,446851,-10667,211087787,101008021,57153152.6,74875463.37,67216684,-41346710,2025-10-17 12:52:09
662.24,1779243,1790577,1902554,71795,806163,-87539,359312,446851,-11334,202328837,105061712.5,57272474.59,74622306.51,64926364,-42878451,2025-10-17 12:53:09
662.05,1782928,1796985,1401353,69828,806163,-87539,359312,446851,-14057,193385611,111781582,57914394.88,74844678.02,63058671,-44923172,2025-10-17 12:54:09
661.74,1788063,1811303,619739,22707,806163,-87539,359312,446851,-23240,175005493.5,123514983,57559956.38,74948287.7,59680007,-47680434,2025-10-17 12:55:09
661.52,1794275,1826485,-4886,-56644,806163,-87539,359312,446851,-32210,166866073,132947989.5,58076110.73,75669772.32,57736953,-50575041,2025-10-17 12:56:09
661.37,1798379,1837150,-561041,-41356,806163,-87539,359312,446851,-38771,160365906,141640279,58791462.98,76020931.12,55968003,-52756274,2025-10-17 12:57:09
661.93,1806341,1845825,1195195,81474,806163,-87539,359312,446851,-39484,186029961.5,118720223.5,58197646.88,76092261.85,62639576,-47381076,2025-10-17 12:58:09
662.04,1812339,1853770,1340222,102616,806163,-87539,359312,446851,-41431,191065041,113918861,58434527.94,75478242.02,63235983,-46474717,2025-10-17 12:59:09
661.83,1818208,1863352,702679,76842,806163,-87539,359312,446851,-45144,184890318,124313479.5,59325911.27,77136262.33,61817015,-48664292,2025-10-17 13:00:24
661.89,1821744,1866466,1320552,38994,806163,-87539,359312,446851,-44722,179557729.5,124061047,,78005518.83,62254566,-48209757,2025-10-17 13:01:34
661.57,1824591,1870673,358542,-41787,806163,-87539,359312,446851,-46082,168460323.5,135104289,58565068.69,77936258.12,58955233,-51091746,2025-10-17 13:02:34
661.68,1829054,1875298,235859,47506,806163,-87539,359312,446851,-46244,170750760.5,130806477.5,59190351.77,77017520.17,59259056,-51011753,2025-10-17 13:03:34
661.45,1830495,1880107,-465262,31462,806163,-87539,359312,446851,-49612,163514463.5,137303992.5,59825850.89,,57233042,-53042713,2025-10-17 13:04:34
661.68,1834461,1886830,171709,83678,806163,-87539,359312,446851,-52369,172885828,128766942,59264466.16,,59792055,-50904755,2025-10-17 13:05:34
661.8299,1838175,1890191,825508,69813,806163,-87539,359312,446851,-52016,179149586.5,122593168.5,59006431.37,77731188.07,61839966,-49202146,2025-10-17 13:06:34
661.93,1843229,1898070,1240768,103534,806163,-87539,359312,446851,-54841,185043042,117814718,59320018.98,77403989.44,63628268,-48054304,2025-10-17 13:07:34
661.47,1845760,1905205,-389802,-18763,806163,-87539,359312,446851,-59445,164312032,137245931.5,61068630.92,,57801216,-53721058,2025-10-17 13:08:34
661.32,1848188,1913274,-323127,14437,806163,-87539,359312,446851,-65086,154854416.5,148638839,60221612.91,79436098.34,56640072,-55111243,2025-10-17 13:09:34
661.45,1851184,1918521,-259846,-3740,806163,-87539,359312,446851,-67337,161762816,138292060,60557433.9,78126795.89,57832115,-54083011,2025-10-17 13:10:34
661.12,1859140,1930378,-898665,-79510,806163,-87539,359312,446851,-71238,144712779.5,154415061,,79355557.51,54731441,-57442164,2025-10-17 13:11:49
661.4401,1869088,1936767,-237753,-9936,806163,-87539,359312,446851,-67679,159117275.5,139378027,60041280.13,78936131.18,57867941,-54250443,2025-10-17 13:12:58
661.5785,1874717,1944810,108201,36622,806163,-87539,359312,446851,-70093,166526106.5,134281455,60420146,79522265.42,59550996,-53242774,2025-10-17 13:13:58
661.6,1876716,1950159,185726,44987,806163,-87539,359312,446851,-73443,166330193.5,133625695.5,60195429.17,79850665.32,59771571,-53332651,2025-10-17 13:14:58
661.27,1879796,1954774,-973098,32306,806163,-87539,359312,446851,-74978,152395700,145676978.5,61261538.83,,56166344,-56807221,2025-10-17 13:15:58
661.09,1883355,1960461,-1081565,-66882,806163,-87539,359312,446851,-77106,143586372.5,157827795.5,60770791.64,80649352.07,54405936,-59074788,2025-10-17 13:16:58
661.19,1886056,1968833,-1148171,-29947,806163,-87539,359312,446851,-82777,146586352.5,151670619,60845347.68,79780245.95,55096173,-58136215,2025-10-17 13:17:58
660.94,1891639,1977952,-2089591,13600,806163,-87539,359312,446851,-86313,137291445.5,161343570.5,61920641.87,,52555379,-61537549,2025-10-17 13:18:58
660.795,1898247,1989791,-2013547,-63758,806163,-87539,359312,446851,-91544,130064223.5,173469479,61813280.61,81128622.89,51160092,-63077606,2025-10-17 13:19:58
661.2,1904510,2001252,-803655,-71505,806163,-87539,359312,446851,-96742,144908987.5,153923746.5,60495907.78,81513157.34,55585972,-59200830,2025-10-17 13:20:58
660.58,1909996,2010530,-3204875,-40018,806163,-87539,359312,446851,-100534,125692500.5,181153158,63990061.91,,48741076,-66882372,2025-10-17 13:21:59
661.5,1916112,2024172,-26715,14232,806163,-87539,359312,446851,-108060,160040979.5,141817948.5,60945129.04,82845998.76,59486461,-56301224,2025-10-17 13:23:13
661.32,1926548,2033299,-783242,27503,806163,-87539,359312,446851,-106751,156224129,147542459.5,63126513.48,,57586519,-58691041,2025-10-17 13:24:23
661.38,1930828,2041170,-207145,-106689,806163,-87539,359312,446851,-110342,152264173.5,147823377,,83363315.98,58059627,-58118160,2025-10-17 13:25:23
661.15,1932864,2044948,-1084823,-79080,806163,-87539,359312,446851,-112084,143949018.5,155928502,62341113.62,82340525.36,55348204,-60730775,2025-10-17 13:26:23
661.23,1936616,2049009,-860570,-54471,806163,-87539,359312,446851,-112393,145273534.5,151378614,61745891.74,82369961.35,56264046,-59982419,2025-10-17 13:27:23
661.07,1942204,2051960,-1501591,-27082,806163,-87539,359312,446851,-109756,139773111.5,158245478.5,62555708.14,,54596810,-61879632,2025-10-17 13:28:23
661.15,1945183,2056254,-1099250,-21725,806163,-87539,359312,446851,-111071,140546542,154301922,61730844.42,82626594.21,55419219,-61106791,2025-10-17 13:29:23
661.24,1951103,2059245,-1011371,-20782,806163,-87539,359312,446851,-108142,144014929.5,146816521.5,61454626.81,,56506039,-59864208,2025-10-17 13:30:23
661.11,1958043,2062138,-1302642,-5867,806163,-87539,359312,446851,-104095,137378730,152912087.5,61808352.61,,54902611,-61386979,2025-10-17 13:31:23
661.185,1963108,2067921,-1190989,12840,806163,-87539,359312,446851,-104813,141600574.5,144083366.5,62281809.73,,55733530,-60287420,2025-10-17 13:32:23
661.6094,1966225,2073135,511865,59987,806163,-87539,359312,446851,-106910,154826964.5,126810156.5,,82081316.84,61133460,-54903686,2025-10-17 13:33:23
661.995,1981429,2091633,1727954,107438,806163,-87539,359312,446851,-110204,177966890.5,106992117.5,60384626.96,,67079631,-49475617,2025-10-17 13:34:38
662.04,1994241,2105152,1802180,154823,806163,-87539,359312,446851,-110911,182579112,102273454.5,61520203.33,,68186877,-48908214,2025-10-17 13:35:48
662.3,2003973,2114193,2835479,130906,806163,-87539,359312,446851,-110220,194551260.5,92873372.5,60279132.51,80797484.74,72253240,-46032185,2025-10-17 13:36:48
662.25,2016114,2123316,2725277,194930,806163,-87539,359312,446851,-107202,191308645,95614352,60488078.75,81291485.98,71677992,-46677380,2025-10-17 13:37:48
661.95,2023192,2130625,1771081,88300,806163,-87539,359312,446851,-107433,173953379,109624351,,82291272.26,67452060,-50965178,2025-10-17 13:38:48
661.8845,2026477,2135737,1621939,111307,806163,-87539,359312,446851,-109260,170272859.5,112153229.5,,82424230.62,66727391,-51862086,2025-10-17 13:39:48
661.8,2030397,2140970,1326215,121269,806163,-87539,359312,446851,-110573,163946145,113666873,60860367.74,81739621.93,65350606,-52689067,2025-10-17 13:40:48
661.65,2036639,2146882,509355,124762,806163,-87539,359312,446851,-110243,157112209,118693460.5,,,63021706,-54800246,2025-10-17 13:41:48
661.31,2041931,2151197,-254390,5907,806163,-87539,359312,446851,-109266,141778847.5,133367337.5,62995580.43,81860599.82,58187651,-58827771,2025-10-17 13:42:48
661.27,2050433,2161578,-687196,27306,806163,-87539,359312,446851,-111145,140137692,141455902,63292850.2,,58033927,-61127039,2025-10-17 13:43:48
661.15,2058114,2169460,-751612,-87268,806163,-87539,359312,446851,-111346,133518884.5,146140335,63410894.14,83685539.66,57095442,-62783893,2025-10-17 13:44:48
660.91,2064590,2181199,-1626868,-35345,806163,-87539,359312,446851,-116609,124168000.5,159898124,64566954.82,83997515.56,53611612,-66652017,2025-10-17 13:46:03
660.91,2070108,2186142,-1844994,-34828,806163,-87539,359312,446851,-116034,126499977,159123222,65940728.93,,54258127,-66937577,2025-10-17 13:47:12
660.98,2073866,2192218,-1125500,-92695,806163,-87539,359312,446851,-118352,126331675.5,157499187.5,64633401,85070313.36,55010778,-65384614,2025-10-17 13:48:12
661.36,2080187,2196579,114945,10304,806163,-87539,359312,446851,-116392,143467488,134133941,63409931.76,84950039.68,60740181,-59638444,2025-10-17 13:49:12
661.7423,2085013,2202082,1235415,18540,806163,-87539,359312,446851,-117069,157993981,117274968,,85574772.45,65638956,-54976359,2025-10-17 13:50:12
662.07,2094780,2213182,1869405,174901,806163,-87539,359312,446851,-118402,185163546.5,102705827,64820868.67,,71453710,-50935729,2025-10-17 13:51:12
662.145,2101033,2218119,2444384,59051,806163,-87539,359312,446851,-117086,184108049,101435291.5,,86952257.31,72487239,-50264968,2025-10-17 13:52:12
662.27,2107500,2222728,2854639,132714,806163,-87539,359312,446851,-115228,193045591,97390564,,87801918.64,74963924,-48754420,2025-10-17 13:53:12
662.72,2295199,1883818,693429,316373,726513,125089,425801,300712,411381,223676740.5,80175444.5,68838889.3,68271424.33,82465762,-42599287,2025-10-17 13:54:12
662.96,2307219,1894250,1315308,373826,726513,125089,425801,300712,412969,244212216,70954166.5,70249254.74,,86597584,-39442111,2025-10-17 13:55:12
662.96,2318219,1902879,1503648,366995,726513,125089,425801,300712,415340,240003424.5,73235890.5,,,87530435,-40325425,2025-10-17 13:56:12
662.62,2328513,1915781,288127,391283,726513,125089,425801,300712,412732,220077764.5,85134297.5,70391507.63,,81947517,-44580342,2025-10-17 13:57:27
662.67,2334226,1922707,362009,359953,726513,125089,425801,300712,411519,222510142.5,84555309,70631336.93,,82314208,-44801713,2025-10-17 13:58:37
662.93,2337592,1931801,1036188,406771,726513,125089,425801,300712,405791,237805877,75439952,69554122.98,71205735.8,86777777,-41904167,2025-10-17 13:59:37
663.22,2350677,1938125,1588075,429130,726513,125089,425801,300712,412552,265766691,67725683.5,72764382.06,,91406376,-39059067,2025-10-17 14:00:37
663.125,2359502,1945200,1586707,483189,726513,125089,425801,300712,414302,255732276.5,68010685,70939746.07,,91431479,-39352035,2025-10-17 14:01:37
663.5223,2367441,1953345,3237342,459530,726513,125089,425801,300712,414096,287160332.5,58715827,,73307358.49,99670018,-35093178,2025-10-17 14:02:37
663.3567,2376981,1961044,2660425,443299,726513,125089,425801,300712,415937,276241817.5,63083312,71438585.45,,96530166,-37019787,2025-10-17 14:03:37
663.27,2380840,1966209,2310251,504132,726513,125089,425801,300712,414631,269680598,66276161,72085226.33,,95214190,-38325130,2025-10-17 14:04:37
663.56,2388423,1973918,3117314,470613,726513,125089,425801,300712,414505,296723094.5,57997077.5,72914645.3,74131925.86,100024525,-35162873,2025-10-17 14:05:37
663.5077,2400881,1987152,2955543,598913,726513,125089,425801,300712,413729,295971702.5,57459691,75575037.56,,99779872,-35486362,2025-10-17 14:06:37
663.77,2415166,1992662,4114547,575699,726513,125089,425801,300712,422504,318069490,53407180,74797245.62,,105897072,-32828253,2025-10-17 14:07:37
663.9187,2426632,1999522,4599933,559863,726513,125089,425801,300712,427110,334235605,50767651,75651286.67,76422989.16,109340939,-31978924,2025-10-17 14:08:52
663.705,2436551,2006119,3754380,576549,726513,125089,425801,300712,430432,310862537.5,56203251,74761337.2,,104906483,-34446734,2025-10-17 14:10:02
663.89,2443006,2012989,4381561,583439,726513,125089,425801,300712,430017,325949116.5,51337016,73810833.25,76999889.32,108887347,-32455597,2025-10-17 14:11:02
663.87,2448473,2018861,4376551,565739,726513,125089,425801,300712,429612,325115594,50798428.5,74120293.19,76841411.52,108637243,-31862103,2025-10-17 14:12:02
663.86,2454661,2024251,4225993,629798,726513,125089,425801,300712,430410,322719734,49810854,74813179.7,76177255.34,108030607,-32253707,2025-10-17 14:13:02
663.3,2464564,2036678,2089351,580661,726513,125089,425801,300712,427886,274411414,65008917.5,76267026.04,,97018197,-39617178,2025-10-17 14:14:02
663.67,2469809,2047920,3585637,536131,726513,125089,425801,300712,421889,305018171,55919582,74961509.04,77303793.14,104762221,-34823753,2025-10-17 14:15:02
663.8244,2482276,2055003,4173357,715093,726513,125089,425801,300712,427273,320586083.5,51393624,75782419.67,,109006443,-33383077,2025-10-17 14:16:02
663.99,2491858,2064602,4687786,661312,726513,125089,425801,300712,427256,338674276.5,48743814.5,76607622.41,78960124.47,112289007,-32014228,2025-10-17 14:17:02
663.94,2496799,2069230,4589729,691865,726513,125089,425801,300712,427569,331027329,49811214.5,75644910.53,,112177235,-32551670,2025-10-17 14:18:02
664.13,2501766,2074975,5180053,663820,726513,125089,425801,300712,426791,351095422,46449070.5,76177305.62,80716389.96,115718727,-30969150,2025-10-17 14:19:02
664.72,2525195,2112171,7585628,754130,726513,125089,425801,300712,413024,411457073.5,38023741.5,,85175573.78,131336586,-26329471,2025-10-17 14:20:16
664.79,2548301,2125333,7602262,768354,726513,125089,425801,300712,422968,428443398.5,37463520.5,,86199844.59,131652044,-26037383,2025-10-17 14:21:26
664.73,2555523,2131202,7111917,838413,726513,125089,425801,300712,424321,427177987.5,37808286,81487994.69,,129267927,-26353906,2025-10-17 14:22:26
664.9,2562879,2136894,7666756,842048,726513,125089,425801,300712,425985,446501464.5,36331942.5,81117633.27,,133194918,-25754477,2025-10-17 14:23:26
664.74,2572744,2146244,7132550,870526,726513,125089,425801,300712,426500,425801761,37892779.5,80981115.24,,130779410,-26682468,2025-10-17 14:24:26
664.495,2580623,2154097,6493873,657760,726513,125089,425801,300712,426526,390907000.5,41343426,77430229.71,,126588003,-28804746,2025-10-17 14:25:26
664.6,2584930,2159971,6606680,738879,726513,125089,425801,300712,424959,408097926.5,40708477,80637262.45,87536391.67,127779742,-28445771,2025-10-17 14:26:26
664.69,2589070,2162798,7036678,797705,726513,125089,425801,300712,426272,417924591,39276164.5,80394466.24,88167144.29,130474402,-27392649,2025-10-17 14:27:26
664.56,2592894,2165594,6588363,741890,726513,125089,425801,300712,427300,402731881.5,40089838.5,80861648.76,,127814502,-28352200,2025-10-17 14:28:26
664.73,2599514,2172889,7040409,808708,726513,125089,425801,300712,426625,423016203.5,37675023,81347546.08,,131633140,-27095609,2025-10-17 14:29:27
664.76,2602824,2177851,7391086,882922,726513,125089,425801,300712,424973,424387483.5,36674327.5,,89297666.91,133899778,-26373822,2025-10-17 14:30:27
664.68,2609341,2184596,6867329,801224,726513,125089,425801,300712,424745,413732894,36692651.5,80630886.37,,130943720,-27374308,2025-10-17 14:31:41
664.72,2612198,2189470,7421400,855721,726513,125089,425801,300712,422728,408249654.5,35826007.5,,88951910.92,134377699,-26582734,2025-10-17 14:32:51
664.39,2620335,2197075,5804316,735871,726513,125089,425801,300712,423260,378110683,40772574,80338046.01,,124902658,-29735179,2025-10-17 14:33:51
664.65,2632221,2207200,6594990,766603,726513,125089,425801,300712,425021,405394980.5,38728146,,90941160.5,130799121,-28372036,2025-10-17 14:34:51
664.79,2636507,2210749,7310173,772814,726513,125089,425801,300712,425758,420223650.5,36777417.5,78557566.89,92245265.29,135076787,-27001216,2025-10-17 14:35:51
664.92,2640923,2214751,7790719,850680,726513,125089,425801,300712,426172,436054203,34428676.5,,93100728.2,138447651,-26021098,2025-10-17 14:36:51
664.9,2651181,2221687,7513171,845164,726513,125089,425801,300712,429494,436491835.5,33280861.5,81750152.54,,136969708,-25506504,2025-10-17 14:37:51
664.8,2656950,2226074,7367377,836085,726513,125089,425801,300712,430876,424146335.5,35477365,80768029.39,92871842.6,136278160,-26959535,2025-10-17 14:38:51
664.55,2660106,2229364,6473532,824610,726513,125089,425801,300712,430742,394523151.5,39278606,81557715.11,,130575539,-29150009,2025-10-17 14:39:51
664.67,2663669,2233718,6774500,847552,726513,125089,425801,300712,429951,408986326,36889244,82406580.71,,132982189,-28187679,2025-10-17 14:40:51
664.34,2668928,2238196,5746600,775427,726513,125089,425801,300712,430732,368901805,43262624,81685512.07,,126108518,-31250624,2025-10-17 14:41:51
664.4,2674218,2248965,5905317,765199,726513,125089,425801,300712,425253,372660784.5,44142016.5,,94384788.17,127860355,-31773084,2025-10-17 14:43:06
664.28,2677445,2268597,5525001,684486,726513,125089,425801,300712,408848,358444231,46975684.5,,94852982.55,124708345,-33360986,2025-10-17 14:44:16
664.33,2679717,2273257,5255569,855728,726513,125089,425801,300712,406460,369008014,45011965.5,83711789.61,,125059978,-32949374,2025-10-17 14:45:16
664.64,2682552,2284498,6758350,744169,726513,125089,425801,300712,398054,399171086,38689724,80386398.92,,133793106,-29304705,2025-10-17 14:46:16
664.45,2686487,2292109,5851599,836716,726513,125089,425801,300712,394378,381283727,40396528,83990695.23,,128966755,-30756398,2025-10-17 14:47:16
664.115,2690847,2302071,4858630,691897,726513,125089,425801,300712,388776,342608978,50031690,83872893.25,,121567794,-35495552,2025-10-17 14:48:16
664.32,2696000,2306954,5572849,785334,726513,125089,425801,300712,389046,362594558.5,44854189,81679445.38,97181434.11,126515481,-33102938,2025-10-17 14:49:16
664.415,2697407,2309316,5724207,801621,726513,125089,425801,300712,388091,374528273.5,41093511.5,83495483.39,,128068526,-31586532,2025-10-17 14:50:16
664.54,2701751,2315599,6245747,875596,726513,125089,425801,300712,386152,388379180.5,39603118,83565478.73,98171831.39,131388143,-30311485,2025-10-17 14:51:16
664.11,2704261,2318680,4567870,731214,726513,125089,425801,300712,385581,343108366.5,45798189.5,86152462.89,,121583068,-34639274,2025-10-17 14:52:16
664.32,2706441,2322837,5609891,830578,726513,125089,425801,300712,383604,361452482.5,42935564,84018266.5,,126993620,-32402476,2025-10-17 14:53:16
664.36,2710012,2326997,5888096,833278,726513,125089,425801,300712,383015,364291840.5,40674486.5,82846757.43,,128603237,-31279333,2025-10-17 14:54:30
664.36,2712339,2329683,6138121,720774,726513,125089,425801,300712,382656,357875815,40612342,,,130028113,-31058436,2025-10-17 14:55:40
664.34,2713870,2332820,5491483,886973,726513,125089,425801,300712,381050,362255542,39736193.5,84400941.29,,127221818,-31501312,2025-10-17 14:56:40
664.4,2715599,2336023,6034751,806434,726513,125089,425801,300712,379576,362931848,38784621,80415399.48,98616382.7,130054897,-30877804,2025-10-17 14:57:40
664.47,2717566,2340134,5988556,891452,726513,125089,425801,300712,377432,373196680.5,36581283.5,83110075.76,,131336627,-29811245,2025-10-17 14:58:40
664.36,2720392,2344973,5925397,849837,726513,125089,425801,300712,375419,359435355.5,38712530,82457102.75,,129413764,-30710801,2025-10-17 14:59:40
664.72,2722930,2351267,7162989,731736,726513,125089,425801,300712,371663,402355607.5,32298552.5,,,138660035,-27271180,2025-10-17 15:00:40
664.638,2726907,2357734,6908334,882821,726513,125089,425801,300712,369173,390235941,33343024,81524541.7,101070572.36,137130642,-28129675,2025-10-17 15:01:40
664.87,2731099,2364858,7760564,784647,726513,125089,425801,300712,366241,416991227,29580211.5,,103534431.22,143392544,-26247528,2025-10-17 15:02:40
664.52,2736025,2373300,6052444,932788,726513,125089,425801,300712,362725,382187763.5,35444401,88506461.99,,132688096,-30129721,2025-10-17 15:03:42
664.763,2739291,2377694,6810828,928759,726513,125089,425801,300712,361597,410318107,31450050.5,87419747.51,,138113745,-27508392,2025-10-17 15:04:46
664.87,2744505,2382232,7488333,947924,726513,125089,425801,300712,362273,418927924.5,29770927,85416986.02,105699076.14,142117683,-26484130,2025-10-17 15:05:50
664.6455,2748420,2390606,7007927,910125,726513,125089,425801,300712,357814,391572167.5,32931251.5,84774676.34,,138553469,-28447422,2025-10-17 15:06:50
664.66,2751547,2394389,6722151,919493,726513,125089,425801,300712,357158,392712024,33007132,87623677.84,,136656713,-28690735,2025-10-17 15:07:52
664.49,2755279,2398928,6387390,848653,726513,125089,425801,300712,356351,373103644,36425695.5,86657031.79,105532124.16,133906481,-30539141,2025-10-17 15:08:54
664.85,2759040,2403164,7706279,872712,726513,125089,425801,300712,355876,413977408,30538536,,109632404.59,144262765,-27179795,2025-10-17 15:09:56
664.85,2763098,2408566,7622131,860526,726513,125089,425801,300712,354532,416786488,30724953,86906976.87,,143778990,-27089483,2025-10-17 15:10:57
665.46,2771112,2421478,9733279,913987,726513,125089,425801,300712,349634,506343713,24988062,,118652172.72,158389409,-22503624,2025-10-17 15:11:59
665.37,2783133,2438505,9730247,958712,726513,125089,425801,300712,344628,492687715,25451803,89581392.64,117964389.11,158747946,-22664155,2025-10-17 15:13:01
665.29,2792217,2443696,9487598,918470,726513,125089,425801,300712,348521,479671459,25634498,,117426419.89,157243260,-22968059,2025-10-17 15:14:02
665.39,2798730,2447275,9491863,1107689,726513,125089,425801,300712,351455,499969453,23974930.5,,,156926552,-21969768,2025-10-17 15:15:03
665.13,2804982,2453123,8681227,1000268,726513,125089,425801,300712,351859,460944529,24875010.5,96074726.2,,151008189,-23052706,2025-10-17 15:16:05
665.19,2809871,2457254,8572624,1047272,726513,125089,425801,300712,352617,469457707.5,24400866.5,97282982.48,,152157344,-23036141,2025-10-17 15:17:21
665.25,2811459,2460346,9165352,1006693,726513,125089,425801,300712,351113,472218212.5,24112551.5,93005613.04,119177657.57,155729532,-22615449,2025-10-17 15:18:31
665.13,2818107,2465789,8818730,951692,726513,125089,425801,300712,352318,453243913.5,25293980.5,,118633638.44,153933028,-23465748,2025-10-17 15:19:32
665.32,2821969,2471612,9095976,976631,726513,125089,425801,300712,350357,485468836,22669097.5,98971854.32,,155405925,-22202598,2025-10-17 15:20:33
665.64,2826661,2476670,10753926,918975,726513,125089,425801,300712,349991,524935560.5,19558698,,124880167.97,168263937,-19755081,2025-10-17 15:21:34
665.545,2835055,2486022,10698200,871675,726513,125089,425801,300712,349033,507238087.5,19088867.5,,123134841.57,168514366,-19311083,2025-10-17 15:22:35
665.48,2837649,2489288,9686253,1102580,726513,125089,425801,300712,348361,506417871.5,19374920,100760926.6,,160812163,-19811637,2025-10-17 15:23:36
665.565,2840974,2493274,10597888,927375,726513,125089,425801,300712,347700,512383690.5,19311860,,126273674.85,167338393,-19436147,2025-10-17 15:24:38
665.23,2845409,2497964,9179929,1072031,726513,125089,425801,300712,347445,465848210.5,21778390.5,97075853.37,,157520908,-21936773,2025-10-17 15:25:38
665.29,2848736,2502934,9781374,861589,726513,125089,425801,300712,345802,468574744.5,22145365.5,,125426790.91,161929266,-21584864,2025-10-17 15:26:40
665.09,2857602,2507874,8715253,964047,726513,125089,425801,300712,349728,445335059,24508403.5,,124261586.14,154207393,-23804549,2025-10-17 15:27:40
665.11,2864195,2512232,8825324,952024,726513,125089,425801,300712,351963,447309684.5,23918024.5,97291402.26,,155232950,-23741231,2025-10-17 15:28:43
665.14,2869332,2516785,8769151,997657,726513,125089,425801,300712,352547,450249534,23412678.5,,,155981343,-23533408,2025-10-17 15:29:55
664.72,2878371,2527499,6850703,1075701,726513,125089,425801,300712,350872,396667501.5,30826524.5,103940879.46,,142475448,-28909674,2025-10-17 15:30:55
664.52,2892775,2540646,6548071,853339,726513,125089,425801,300712,352129,370619048,35788905,100006209.02,,138970267,-31713862,2025-10-17 15:31:55
664.43,2904421,2551071,5822993,993817,726513,125089,425801,300712,353350,358937954,37833652.5,104548075.5,,135760553,-33462883,2025-10-17 15:32:55
664.695,2911477,2560941,7171318,891165,726513,125089,425801,300712,350536,387069121,33135659,,131299790.75,145418294,-30397900,2025-10-17 15:33:55
664.795,2916628,2569637,7285921,974075,726513,125089,425801,300712,346991,401876535,30600666.5,,,147699902,-29163378,2025-10-17 15:34:59
664.96,2920208,2577875,8082624,1091730,726513,125089,425801,300712,342333,423231132,27023370,,,152620091,-26661160,2025-10-17 15:36:00
664.665,2924163,2583082,6790232,1000866,726513,125089,425801,300712,341081,386934373.5,31004662,106982557.73,,144030138,-29789987,2025-10-17 15:37:05
664.67,2927147,2590352,7219841,930005,726513,125089,425801,300712,336795,383148487,31458009,,134088800.07,146180314,-29588995,2025-10-17 15:38:05
665.07,2932970,2597978,8810222,946893,726513,125089,425801,300712,334992,435759654,24861500,,139775110.57,158575494,-25123283,2025-10-17 15:39:05
664.9348,2935731,2601896,7876769,1128479,726513,125089,425801,300712,333835,419607098.5,25785988,107224189.6,,152794869,-26229487,2025-10-17 15:40:09
664.942,2938136,2605043,8349866,958318,726513,125089,425801,300712,333093,416454404,26093731.5,,141321633.47,155333230,-26145009,2025-10-17 15:41:19
664.84,2940226,2608394,7644681,1102623,726513,125089,425801,300712,331832,404093928,26457877.5,,,150730552,-27279875,2025-10-17 15:42:19
664.74,2943269,2610948,7755254,813489,726513,125089,425801,300712,332321,384255163,28352612.5,,141696227.14,151571030,-28031792,2025-10-17 15:43:19
664.64,2947335,2616058,6576398,1190196,726513,125089,425801,300712,331277,379219216,28514253,115374118.79,,143214763,-29198196,2025-10-17 15:44:19
